<?xml version="1.0" encoding="UTF-8"?>
<window>
	<views>50</views>
	<defaultcontrol always="true">50</defaultcontrol>
	<controls>
		<include>background</include>
		<control type="label">
			<font>50</font>
			<label>$INFO[Window(AddonBrowser).Property(Updated)]</label>
			<align>center</align>
			<textcolor>88FFFFFF</textcolor>
		</control>
		<control type="label">
			<top>65</top>
			<height>30</height>
			<font>30</font>
			<label>$LOCALIZE[12014]</label>
			<align>center</align>
			<textcolor>88FFFFFF</textcolor>
		</control>


		<control type="list" id="50">
			<left>85</left>
			<top>125</top>
			<width>800</width>
			<height>520</height>
			<align>top</align>
			<pagecontrol>60</pagecontrol>
			<onup>50</onup>
			<ondown>50</ondown>
			<onleft>100</onleft>
			<onright>60</onright>
			
			<description>Нет фокуса</description>
			<itemlayout height="65">
				<control type="label">
					<left>95</left>
					<top>0</top>
					<width>600</width>
					<height>65</height>
					<align>left</align>
					<aligny>center</aligny>
					<textcolor>ffb87e53</textcolor>
					<selectedcolor>ffed6504</selectedcolor>
					<font>50</font>
					<info>ListItem.Label</info>
				</control>
				<control type="label">
					<left>700</left>
					<top>0</top>
					<width>170</width>
					<height>65</height>
					<align>left</align>
					<aligny>center</aligny>
					<textcolor>ffb87e53</textcolor>
					<selectedcolor>ffb87e53</selectedcolor>
					<font>30</font>
					<info>ListItem.Label2</info>
				</control>
			</itemlayout>
			<description>В фокусе</description>
			<focusedlayout height="65">
				<control type="label">
					<left>95</left>
					<top>0</top>
					<width>600</width>
					<height>65</height>
					<align>left</align>
					<textcolor>ffed6504</textcolor>
					<selectedcolor>FFB0C4DE</selectedcolor>
					<font>50</font>
					<label>$INFO[ListItem.Label]   </label>
					<scroll>true</scroll>
				</control>
				 <control type="label">
					<left>700</left>
					<top>0</top>
					<width>130</width>
					<height>65</height>
					<align>left</align>
					<aligny>center</aligny>
					<textcolor>ffb87e53</textcolor>
					<selectedcolor>ffb87e53</selectedcolor>
					<font>30</font>
					<info>ListItem.Label2</info>
					<scroll>true</scroll>
				</control>
				<control type="image">
					<top>0</top>
					<posx>35</posx>
					<width>144</width>
					<aspectratio>keep</aspectratio>
					<texture>point0.png</texture>
					<animation effect="fade" start="100" end="50" condition="!Control.HasFocus(50)">Conditional</animation>
					<visible>Container(50).Position(0)</visible>
				</control>
				<control type="image">
					<top>0</top>
					<posx>15</posx>
					<width>144</width>
					<aspectratio>keep</aspectratio>
					<texture>point1.png</texture>
					<animation effect="fade" start="100" end="50" condition="!Control.HasFocus(50)">Conditional</animation>
					<visible>Container(50).Position(1)</visible>
				</control>
				<control type="image">
					<top>0</top>
					<posx>0</posx>
					<width>144</width>
					<aspectratio>keep</aspectratio>
					<texture>point3.png</texture>
					<animation effect="fade" start="100" end="50" condition="!Control.HasFocus(50)">Conditional</animation>
					<visible>Container(50).Position(2)</visible>
				</control>
				<control type="image">
					<top>0</top>
					<posx>-5</posx>
					<width>144</width>
					<aspectratio>keep</aspectratio>
					<texture>point4.png</texture>
					<animation effect="fade" start="100" end="50" condition="!Control.HasFocus(50)">Conditional</animation>
					<visible>Container(50).Position(3)</visible>
				</control>
				<control type="image">
					<top>0</top>
					<posx>-5</posx>
					<width>144</width>
					<aspectratio>keep</aspectratio>
					<texture>point4.png</texture>
					<animation effect="fade" start="100" end="50" condition="!Control.HasFocus(50)">Conditional</animation>
					<visible>Container(50).Position(4)</visible>
				</control>

				<control type="image">
					<top>0</top>
					<posx>0</posx>
					<width>144</width>
					<aspectratio>keep</aspectratio>
					<texture>point3.png</texture>
					<animation effect="fade" start="100" end="50" condition="!Control.HasFocus(50)">Conditional</animation>
					<visible>Container(50).Position(5)</visible>
				</control>
				<control type="image">
					<top>0</top>
					<posx>15</posx>
					<width>144</width>
					<aspectratio>keep</aspectratio>
					<texture>point1.png</texture>
					<animation effect="fade" start="100" end="50" condition="!Control.HasFocus(50)">Conditional</animation>
					<visible>Container(50).Position(6)</visible>
				</control>
				<control type="image">
					<top>0</top>
					<posx>35</posx>
					<width>144</width>
					<aspectratio>keep</aspectratio>
					<texture>point0.png</texture>
					<animation effect="fade" start="100" end="50" condition="!Control.HasFocus(50)">Conditional</animation>
					<visible>Container(50).Position(7)</visible>
				</control>
			</focusedlayout>
		</control>
		<control type="scrollbar" id="60">
			<animation effect="fade" start="120" end="-30" time="500" delay="50" condition="!Control.HasFocus(60)">Conditional</animation>
			<top>110</top>
			<left>840</left>
			<width>75</width>
			<height>545</height>
			<texturesliderbackground>scroll.png</texturesliderbackground>
			<textureslidernibfocus>scrollfo.png</textureslidernibfocus>
			<onleft>50</onleft>
			<onright>101</onright>
		</control>
		<control type="button" id="100">
			<description>Left Up</description>
			<top>105</top>
			<left>0</left>
			<width>135</width>
			<height>283</height>
			<texturefocus>buttons/LeftUpFo.png</texturefocus>
			<texturenofocus>buttons/LeftUp.png</texturenofocus>
			<align>left</align>
			<aligny></aligny>
			<font>60</font>
			<textcolor>ffb87e53</textcolor>
			<focusedcolor>ffed6504</focusedcolor>
			<textwidth>300</textwidth>
			<textoffsetx>20</textoffsetx>
			<textoffsety>-95</textoffsety>
			<label>$LOCALIZE[40009]</label>
			<onclick>Back</onclick>
			<onup>-</onup>
			<ondown>-</ondown>
			<onleft>Back</onleft>
			<onright>50</onright>
		</control>
		<control type="button" id="101">
			<description>Right UP</description>
			<left>895</left>
			<top>105</top>
			<width>135</width>
			<height>283</height>
			<texturefocus>buttons/RightUpFo.png</texturefocus>
			<texturenofocus>buttons/RightUp.png</texturenofocus>
			<align>right</align>
			<aligny>-</aligny>
			<font>50</font>
			<textcolor>ffb87e53</textcolor>
			<focusedcolor>ffed6504</focusedcolor>
			<textwidth>350</textwidth>
			<textoffsetx>30</textoffsetx>
			<textoffsety>-95</textoffsety>
			<label>$LOCALIZE[24138]</label>
			<onclick>UpdateAddonRepos</onclick>
			<onup>-</onup>
			<ondown>-</ondown>
			<onleft>50</onleft>
			<onright>UpdateAddonRepos</onright>
		</control>
	</controls>
</window>