<?xml version="1.0" encoding="UTF-8"?>
<!-- Foundation -->
<window id="1100">
	<defaultcontrol always="true">11</defaultcontrol>
	<allowoverlay>yes</allowoverlay>
	<controls>
		<include>background</include>
		<include>equalizer</include>
		<include>canbus</include>
		<include>cpu</include>
		<include>time</include>
		<include>ip</include>
		
		<control type="label">
			<left>49</left>
			<top>600</top>
			<width>925</width>
			<height>50</height>
			<font>50</font>
			<textcolor>FFB0C4DE</textcolor>
			<align>center</align>
			<aligny>center</aligny>
			<label>$LOCALIZE[350006]</label>
		</control>

		<control type="button" id="11">
			<description>home menu settings</description>
			<description>Left Up</description>
			<top>105</top>
			<left>0</left>
			<width>135</width>
			<height>283</height>
			<texturefocus>buttons/LeftUpFo.png</texturefocus>
			<texturenofocus>buttons/LeftUp.png</texturenofocus>
			<align>left</align>
			<aligny></aligny>
			<font>50</font>
			<textcolor>ffb87e53</textcolor>
			<focusedcolor>ffed6504</focusedcolor>
			<textwidth>350</textwidth>
			<textoffsetx>20</textoffsetx>
			<textoffsety>-95</textoffsety>
			<label>$LOCALIZE[513]  </label>
			<onup>14</onup>
			<ondown>12</ondown>
		<!-- 	<onleft>-</onleft> -->
			<onright>20</onright>
		</control>

		<control type="button" id="12">
			<description>Left Down</description>
			<left>0</left>
			<top>380</top>
			<width>135</width>
			<height>283</height>
			<texturefocus>buttons/LeftDownFo.png</texturefocus>
			<texturenofocus>buttons/LeftDown.png</texturenofocus>
			<align>left</align>
			<aligny></aligny>
			<font>50</font>
			<textcolor>ffb87e53</textcolor>
			<focusedcolor>ffed6504</focusedcolor>
			<textwidth>300</textwidth>
			<textoffsetx>20</textoffsetx>
			<textoffsety>300</textoffsety>
			<label>$LOCALIZE[40000]</label>
			<onup>11</onup>
			<ondown>13</ondown>
			<!-- <onleft>-</onleft> -->
			<onright>14</onright>
		</control>
		<control type="button" id="13">
			<description>Right UP</description>
			<left>895</left>
			<top>105</top>
			<width>135</width>
			<height>283</height>
			<texturefocus>buttons/RightUpFo.png</texturefocus>
			<texturenofocus>buttons/RightUp.png</texturenofocus>
			<align>right</align>
			<aligny>-</aligny>
			<font>50</font>
			<textcolor>ffb87e53</textcolor>
			<focusedcolor>ffed6504</focusedcolor>
			<textwidth>300</textwidth>
			<textoffsetx>30</textoffsetx>
			<textoffsety>-95</textoffsety>
			<label>$LOCALIZE[33060]</label>
			<onup>12</onup>
			<ondown>14</ondown>
			<onleft>40</onleft>
			<!-- <onright>-</onright> -->
		</control>
		
		<control type="button" id="14">
			<description>Right Down</description>
			<left>895</left>
			<top>380</top>
			<width>135</width>
			<height>283</height>
			<texturefocus>buttons/RightDownFo.png</texturefocus>
			<texturenofocus>buttons/RightDown.png</texturenofocus>
			<align>right</align>
			<aligny></aligny>
			<textcolor>ffb87e53</textcolor>
			<focusedcolor>ffed6504</focusedcolor>
			<textwidth>400</textwidth>
			<textoffsetx>30</textoffsetx>
			<textoffsety>300</textoffsety>
			<font>50</font>
			<label>$LOCALIZE[14223]</label>
			<onup>13</onup>
			<ondown>11</ondown>
			<onleft>50</onleft>
			<!-- <onright>-</onright> -->
		</control>
		
		<control type="grouplist" id="20">
			<animation effect="fade" start="100" end="0" condition="!ControlGroup(20).HasFocus() + !Control.HasFocus(11)">Conditional</animation>
			<visible allowhiddenfocus="true">!Control.HasFocus(20)</visible>
			<top>140</top>
			<left>200</left>
			<width>656</width>
			<height>580</height>
			<align>top</align>
			<orientation>vertical</orientation>
			<itemgap>10</itemgap>
		<!-- 	<onup>-</onup>
			<ondown>-</ondown> -->
			<onleft>11</onleft>
			<onright>13</onright>
			<control type="radiobutton" id="21">
				<description>speed home</description>
				<width>656</width>
				<align>left</align>
				<label>$LOCALIZE[40016] </label>
				<onclick>Skin.ToggleSetting(speed.big)</onclick>
				<selected>!Skin.HasSetting(speed.big)</selected>
				<onclick condition="Skin.HasSetting(speed.big)">SetProperty(speed.big,true,10000)</onclick>
				<onclick condition="!Skin.HasSetting(speed.big)">SetProperty(speed.big,false,10000)</onclick>
			</control>
			<control type="radiobutton" id="22">
				<description>RPM</description>
				<width>656</width>
				<align>left</align>
				<label>$LOCALIZE[40022] </label>
				<onclick>Skin.ToggleSetting(rpm)</onclick>
				<selected>!Skin.HasSetting(rpm)</selected>
				<onclick condition="Skin.HasSetting(rpm)">SetProperty(rpm,true,10000)</onclick>
				<onclick condition="!Skin.HasSetting(rpm)">SetProperty(rpm,false,10000)</onclick>
			</control>
			<control type="radiobutton" id="23">
				<description>coolant</description>
				<width>656</width>
				<align>left</align>
				<label>$LOCALIZE[40021] </label>
				<onclick>Skin.ToggleSetting(coolant)</onclick>
				<selected>!Skin.HasSetting(coolant)</selected>
				<onclick condition="Skin.HasSetting(coolant)">SetProperty(coolant,true,10000)</onclick>
				<onclick condition="!Skin.HasSetting(coolant)">SetProperty(coolant,false,10000)</onclick>
			</control>
			<control type="radiobutton" id="24">
				<description>CPUTemperature</description>
				<width>656</width>
				<align>left</align>
				<label>$LOCALIZE[22011] </label>
				<onclick>Skin.ToggleSetting(CPUTemperature)</onclick>
				<selected>!Skin.HasSetting(CPUTemperature)</selected>
			</control>
			<control type="radiobutton" id="25">
				<description>ip</description>
				<width>656</width>
				<align>left</align>
				<label>$LOCALIZE[150]</label>
				<onclick>Skin.ToggleSetting(ip)</onclick>
				<selected>!Skin.HasSetting(ip)</selected>
			</control>
			<control type="radiobutton" id="26">
				<description>time</description>
				<width>656</width>
				<align>left</align>
				<label>$LOCALIZE[142]</label>
				<onclick>Skin.ToggleSetting(time)</onclick>
				<selected>!Skin.HasSetting(time)</selected>
			</control>
		</control>

 		<control type="grouplist" id="30">
			<animation effect="fade" start="100" end="0" condition="!ControlGroup(30).HasFocus() + !Control.HasFocus(12)">Conditional</animation>
			<visible allowhiddenfocus="true">!Control.HasFocus(30)</visible>
			<top>140</top>
			<left>200</left>
			<width>656</width>
			<height>580</height>
			<align>top</align>
			<orientation>vertical</orientation>
			<itemgap>20</itemgap>
		<!-- 	<onup>-</onup>
			<ondown>-</ondown> -->
			<onleft>11</onleft>
			<onright>13</onright>

			<control type="label">
				<description>Time</description>
				<width>656</width>
				<align>left</align>
				<label>623# $INFO[Window(10000).Property(623)]</label>
			</control>
			<control type="label">
				<description>SPEED rnse</description>
				<width>656</width>
				<align>left</align>
				<label>261# $INFO[Window(10000).Property(261)]</label>
			</control>
			<control type="label">
				<description>RPM rnse</description>
				<width>656</width>
				<align>left</align>
				<label>263# $INFO[Window(10000).Property(2633)]</label>
			</control>
			<control type="label">
				<description>RNSE navigation button</description>
				<width>656</width>
				<align>left</align>
				<label>461# $INFO[Window(10000).Property(461)]</label>
			</control>
			<control type="label">
				<description>MFSW 5C0</description>
				<width>656</width>
				<align>left</align>
				<label>5C0# $INFO[Window(10000).Property(5C0)]</label>
			</control>
			<control type="label">
				<description>MFSW 5C3</description>
				<width>656</width>
				<align>left</align>
				<label>5C3# $INFO[Window(10000).Property(5C3)]</label>
			</control>
		</control>
		
 		<control type="grouplist" id="40">
			<animation effect="fade" start="100" end="0" condition="!ControlGroup(40).HasFocus() + !Control.HasFocus(13)">Conditional</animation>
			<visible allowhiddenfocus="true">!Control.HasFocus(40)</visible>
			<top>140</top>
			<left>200</left>
			<width>656</width>
			<height>580</height>
			<align>top</align>
			<orientation>vertical</orientation>
			<itemgap>10</itemgap>
			<!-- <onup></onup>
			<ondown></ondown> -->
			<onleft>11</onleft>
			<onright>13</onright>
			<control type="button" id="42">
				<description>Reboot button</description>
				<width>656</width>
				<align>center</align>
				<label>13013</label>
				<onclick>Reset()</onclick>
			</control>
			<control type="button" id="43">
				<description>Shutdown</description>
				<width>656</width>
				<align>center</align>
				<label>13005</label>
				<onclick>Powerdown()</onclick>
			</control>
			<control type="label" id="44">
				<description>Monitor Key status</description>
				<left>45</left>
				<width>656</width>
				<height>40</height>
				<font>40</font>
				<align>center</align>
				<textcolor>88FFFFFF</textcolor>
				<label>$LOCALIZE[40012] | </label>
				<scroll>yes</scroll>
			</control>
			<control type="radiobutton" id="45">
				<description>keystatus_car</description>
				<width>656</width>
				<align>center</align>
				<label>$LOCALIZE[40013]</label>
				<onclick>Skin.ToggleSetting(keystatus_car)</onclick>
				<selected>!Skin.HasSetting(keystatus_car)</selected>
				<onclick condition="Skin.HasSetting(keystatus_car)">SetProperty(keystatus_car,true,10000)</onclick>
				<onclick condition="!Skin.HasSetting(keystatus_car)">SetProperty(keystatus_car,false,10000)</onclick>
			</control>
			<control type="label" id="46">
				<description>Monitor RNS power status</description>
				<width>656</width>
				<height>40</height>
				<font>40</font>
				<align>center</align>
				<textcolor>88FFFFFF</textcolor>
				<label>$LOCALIZE[40014]</label>
			</control>
			<control type="radiobutton" id="47">
				<description>TFT OFF</description>
				<width>656</width>
				<align>center</align>
				<label>$LOCALIZE[40015]</label>
				<onclick>Skin.ToggleSetting(tftoff)</onclick>
				<selected>Skin.HasSetting(tftoff)</selected>
				<onclick condition="!Skin.HasSetting(tftoff)">SetProperty(tftoff,true,10000)</onclick>
				<onclick condition="Skin.HasSetting(tftoff)">SetProperty(tftoff,false,10000)</onclick>
			</control>
			<control type="label" id="48">
				<description>Действие при отслеживании статуса</description>
				<width>656</width>
				<height>40</height>
				<font>40</font>
				<align>center</align>
				<textcolor>88FFFFFF</textcolor>
				<label>$LOCALIZE[40017] | </label>
				<scroll>yes</scroll>
			</control>
			<control type="togglebutton" id="49">
				<description>Действие при отслеживании статуса</description>
				<width>656</width>
				<height>65</height>
				<font>50</font>
				<label>$LOCALIZE[13013]</label>
				<altlabel>$LOCALIZE[13016]</altlabel>
				<onclick>Skin.ToggleSetting(poweroff)</onclick>
				<selected>!Skin.HasSetting(poweroff)</selected>
				<onclick condition="Skin.HasSetting(poweroff)">SetProperty(poweroff,true,10000)</onclick>
				<onclick condition="!Skin.HasSetting(poweroff)">SetProperty(poweroff,false,10000)</onclick>
			</control>
		</control>

		<control type="grouplist" id="50">
			<animation effect="fade" start="100" end="0" condition="!ControlGroup(50).HasFocus() + !Control.HasFocus(14)">Conditional</animation>
			<visible allowhiddenfocus="true">!Control.HasFocus(50)</visible>
			<top>140</top>
			<left>200</left>
			<width>656</width>
			<height>580</height>
			<align>top</align>
			<orientation>vertical</orientation>
			<itemgap>10</itemgap>
			<!-- <onup></onup>
			<ondown></ondown> -->
			<onleft>12</onleft>
			<onright>14</onright>
			<control type="label">
				<description>Disable / Allow Write to SD Card</description>
				<width>656</width>
				<height>40</height>
				<font>40</font>
				<align>center</align>
				<scroll>yes</scroll>
				<textcolor>88FFFFFF</textcolor>
				<label>$LOCALIZE[40018] | </label>
			</control>
			<control type="button" id="51">
				<description>SD card Overlay </description>
				<width>656</width>
				<align>center</align>
				<label>SD card [B]$INFO[Window(10000).Property(sd)][/B]</label>
				<onclick>Skin.ToggleSetting(sd_overlay)</onclick>
				<selected>Skin.HasSetting(sd_overlay)</selected>
				<onclick condition="!Skin.HasSetting(sd_overlay)">SetProperty(sd_overlay,true,10000)</onclick>
				<onclick condition="Skin.HasSetting(sd_overlay)">SetProperty(sd_overlay,false,10000)</onclick>
			</control>
			<control type="label" id="52">
				<description>Encoder Direction Change</description>
				<width>656</width>
				<height>40</height>
				<font>40</font>
				<align>center</align>
				<!-- <scroll>yes</scroll> -->
				<textcolor>88FFFFFF</textcolor>
				<label>$LOCALIZE[40010]</label>
			</control>
			<control type="radiobutton" id="53">
				<description>Encoder Direction Change</description>
				<width>656</width>
				<align>left</align>
				<label>$LOCALIZE[40011]</label>
				<onclick>Skin.ToggleSetting(encoder)</onclick>
				<selected>Skin.HasSetting(encoder)</selected>
				<onclick condition="!Skin.HasSetting(encoder)">SetProperty(encoder,true,10000)</onclick>
				<onclick condition="Skin.HasSetting(encoder)">SetProperty(encoder,false,10000)</onclick>
			</control>
			<control type="radiobutton" id="54">
				<description>RNSE tvtuner</description>
				<width>656</width>
				<align>left</align>
				<label>$LOCALIZE[40006] $LOCALIZE[40007] </label>
				<onclick>Skin.ToggleSetting(rnsetv)</onclick>
				<selected>!Skin.HasSetting(rnsetv)</selected>
				<onclick condition="Skin.HasSetting(rnsetv)">SetProperty(rnsetv,true,10000)</onclick>
				<onclick condition="!Skin.HasSetting(rnsetv)">SetProperty(rnsetv,false,10000)</onclick>
			</control>
<!-- 			<control type="radiobutton" id="55">
				<visible>!System.HasAddon(skin.rnse)</visible>
				<description>RNSD tvtuner</description>
				<width>656</width>
				<align>left</align>
				<label>$LOCALIZE[350016] </label>
				<onclick>Skin.ToggleSetting(rnsdtv)</onclick>
				<selected>!Skin.HasSetting(rnsdtv)</selected>
				<onclick condition="Skin.HasSetting(rnsdtv)">SetProperty(rnsdtv,true,10000)</onclick>
				<onclick condition="!Skin.HasSetting(rnsdtv)">SetProperty(rnsdtv,false,10000)</onclick>
			</control> -->

			<control type="label">
				<top>540</top>
				<left>200</left>
				<width>656</width>
				<font>50</font>
				<align>center</align>
				<textcolor>ffb87e53</textcolor>
				<label>ID: $INFO[Window(10000).Property(key)]</label>
			</control>
		</control>

	</controls>
</window>
