<?xml version="1.0" encoding="UTF-8"?>
<window id="10000">
<!-- RNS-D -->
	<onload condition="Skin.HasSetting(encoder)">SetProperty(encoder,true,10000)</onload>
	<onload condition="!Skin.HasSetting(encoder)">SetProperty(encoder,false,10000)</onload> <!-- on boot false -->
	
	<onload condition="!Skin.HasSetting(keystatus_car)">SetProperty(keystatus_car,true,10000)</onload> <!-- on boot true -->
	<onload condition="Skin.HasSetting(keystatus_car)">SetProperty(keystatus_car,false,10000)</onload>
	
	<onload condition="!Skin.HasSetting(poweroff)">SetProperty(poweroff,true,10000)</onload> <!-- on boot true -->
	<onload condition="Skin.HasSetting(poweroff)">SetProperty(poweroff,false,10000)</onload>
	
	<onload condition="!Skin.HasSetting(rnsetv)">SetProperty(rnsetv,true,10000)</onload> <!-- on boot true -->
	<onload condition="Skin.HasSetting(rnsetv)">SetProperty(rnsetv,false,10000)</onload>

	<onload condition="Skin.HasSetting(tftoff)">SetProperty(tftoff,true,10000)</onload>
	<onload condition="!Skin.HasSetting(tftoff)">SetProperty(tftoff,false,10000)</onload> <!-- on boot false -->
	
	<defaultcontrol always="true">10</defaultcontrol>
	<allowoverlay>yes</allowoverlay>
	<controls>
		<include>background</include>
		<include>equalizer</include>
		<include>cpu</include>
		<include>time</include>
		<include>ip</include>
		<control type="group" id="1">
			<control type="button" id="10">
				<description>Left Up</description>
				<top>105</top>
				<left>0</left>
				<width>135</width>
				<height>283</height>
				<texturefocus>buttons/LeftUpFo.png</texturefocus>
				<texturenofocus>buttons/LeftUp.png</texturenofocus>
				<align>left</align>
				<aligny></aligny>
				<font>60</font>
				<textcolor>ffb87e53</textcolor>
				<focusedcolor>ffed6504</focusedcolor>
				<textwidth>300</textwidth>
				<textoffsetx>20</textoffsetx>
				<textoffsety>-95</textoffsety>
				<label>[B]$LOCALIZE[2][/B]</label>
				<!-- <onclick>ActivateWindow(Music,/home/pi/music,return)</onclick>
				<onclick condition="[System.IsMaster | !Skin.HasSetting(HomeMenuMusicUsePlaylist)] + String.IsEqual(Window.Property(MusicDirectLink),True)">ActivateWindow(Music)</onclick>
				<onclick condition="[System.IsMaster | !Skin.HasSetting(HomeMenuMusicUsePlaylist)] + !String.IsEqual(Window.Property(MusicDirectLink),True)">ActivateWindow(Music,root)</onclick>
				<onclick condition="!System.IsMaster + Skin.HasSetting(HomeMenuMusicUsePlaylist)">ActivateWindow(Music,$INFO[Skin.String(HomeMenuMusicPlaylist)],return)</onclick>  -->
				<onclick>ActivateWindow(Music,files,return)</onclick>
				<onup>13</onup>
				<ondown>11</ondown>
				<onleft>SkipPrevious</onleft>
				<onright>12</onright>
			</control>

			<control type="button" id="11">
				<description>Left Down</description>
				<left>0</left>
				<top>380</top>
				<width>135</width>
				<height>283</height>
				<texturefocus>buttons/LeftDownFo.png</texturefocus>
				<texturenofocus>buttons/LeftDown.png</texturenofocus>
				<align>left</align>
				<aligny></aligny>
				<font>60</font>
				<textcolor>ffb87e53</textcolor>
				<focusedcolor>ffed6504</focusedcolor>
				<textwidth>300</textwidth>
				<textoffsetx>20</textoffsetx>
				<textoffsety>300</textoffsety>
				<!-- <onclick>ActivateWindow(Videos,/home/pi/movies,return)</onclick>
				<onclick condition="String.IsEqual(Window.Property(VideosDirectLink),True)">ActivateWindow(Videos)</onclick>
				<onclick condition="!String.IsEqual(Window.Property(VideosDirectLink),True)">ActivateWindow(Videos,root)</onclick> -->
				<label>[B]$LOCALIZE[3][/B]</label>
				<onclick>ActivateWindow(Videos,files,return)</onclick>
				<onup>10</onup>
				<ondown>12</ondown>
				<onleft>SkipPrevious</onleft>
				<onright>13</onright>
			</control>
		</control>

		<control type="group" id="2">
			<control type="button" id="12">
				<description>Right UP</description>
				<visible>!System.HasPVRAddon</visible>
				<left>895</left>
				<top>105</top>
				<width>135</width>
				<height>283</height>
				<texturefocus>buttons/RightUpFo.png</texturefocus>
				<texturenofocus>buttons/RightUp.png</texturenofocus>
				<align>right</align>
				<aligny>-</aligny>
				<font>60</font>
				<textcolor>ffb87e53</textcolor>
				<focusedcolor>ffed6504</focusedcolor>
				<textwidth>350</textwidth>
				<textoffsetx>30</textoffsetx>
				<textoffsety>-95</textoffsety>
				<!-- <onclick>ActivateWindow(1111)</onclick> -->
				<label>[B]$LOCALIZE[0][/B]</label>
				<onclick condition="!System.Platform.Android">ActivateWindow(Programs,Addons,return)</onclick>
				<onclick condition="System.Platform.Android">ActivateWindow(Programs)</onclick>
				<onup>11</onup>
				<ondown>13</ondown>
				<onleft>10</onleft>
				<onright>SkipNext</onright>
			</control>
			<control type="button" id="12">
				<description>Right UP</description>
				<visible>System.HasPVRAddon</visible>
				<left>895</left>
				<top>105</top>
				<width>135</width>
				<height>283</height>
				<texturefocus>buttons/RightUpFo.png</texturefocus>
				<texturenofocus>buttons/RightUp.png</texturenofocus>
				<align>right</align>
				<aligny>-</aligny>
				<font>60</font>
				<textcolor>ffb87e53</textcolor>
				<focusedcolor>ffed6504</focusedcolor>
				<textwidth>300</textwidth>
				<textoffsetx>30</textoffsetx>
				<textoffsety>-95</textoffsety>
				<!-- <onclick>ActivateWindow(1111)</onclick> -->
				<label>$LOCALIZE[10700]</label>
				<onclick>ActivateWindow(TVChannels)</onclick>
				<onup>11</onup>
				<ondown>13</ondown>
				<onleft>10</onleft>
				<onright>SkipNext</onright>
			</control>
			<control type="button" id="13">
				<description>Right Down</description>
				<left>895</left>
				<top>380</top>
				<width>135</width>
				<height>283</height>
				<texturefocus>buttons/RightDownFo.png</texturefocus>
				<texturenofocus>buttons/RightDown.png</texturenofocus>
				<align>right</align>
				<aligny></aligny>
				<textcolor>ffb87e53</textcolor>
				<focusedcolor>ffed6504</focusedcolor>
				<textwidth>400</textwidth>
				<textoffsetx>30</textoffsetx>
				<textoffsety>300</textoffsety>
				<font>60</font>
				<label>[B]$LOCALIZE[5][/B]</label>
				<onclick>ActivateWindow(Settings)</onclick>
				<onup>12</onup>
				<ondown>10</ondown>
				<onleft>11</onleft>
				<onright>SkipNext</onright>
			</control>
		</control>
 		<control type="group">
			<left>0</left>
			<top>0</top>
			<ondown>30</ondown>
			<control type="group">
				<visible>Player.HasVideo</visible>
				<control type="videowindow">
					<description>Video in window</description>
					<left>180</left>
					<top>10</top>
					<width>670</width>
					<!-- <height>270</height> -->
					<aspectratio>keep</aspectratio>
				</control>
			</control>
		</control>

		<include>music</include>
		<include>canbus</include>
	</controls>
</window>
