<?xml version="1.0" encoding="UTF-8"?>
<window>
	<defaultcontrol always="true">2</defaultcontrol>
	<!-- <visible>Player.HasMedia + Window.IsActive(FullscreenVideo) + !Window.IsActive(Visualisation)</visible> -->

	<animation effect="fade" start="0" end="100" time="150">WindowOpen</animation>
	<animation effect="fade" start="100" end="0" time="150">WindowClose</animation>
	<allowoverlay>yes</allowoverlay>
	<controls>
		<include>canbus</include>

<!-- 		<control type="label">
			<description>Информация о файле и время просмотра</description>
			<left>40</left>
			<top>110</top>
			<width>940</width>
			<align>center</align>
			<label>$INFO[VideoPlayer.Title]</label>
		</control>
		<control type="label">
			<description>Информация о файле и время просмотра</description>
			<left>40</left>
			<top>170</top>
			<width>940</width>
			<align>center</align>
			<label>$INFO[VideoPlayer.Time] $INFO[Player.Duration,[COLOR=Color4] / [/COLOR]]</label>
		</control>
		<control type="progress" id="32">
			<description>Progress volume control</description>
			<info>Player.Progress</info>
		</control> -->

		<control type="image">
			<left>0</left>
			<top>620</top>
			<width>1024</width>
			<height>150</height>
			<texture>background80.png</texture>
		</control>		
		<control type="grouplist"id="10">
			<description>группа кнопок</description>
			<left>-5</left>
			<top>570</top>
			<width>990</width>
			<height>250</height>	
			<itemgap>-93</itemgap>
			<scrolltime>200</scrolltime>
			<orientation>horizontal</orientation>
			<onleft>10</onleft>
			<onright>10</onright>
			<control type="button" id="1">
				<width>250</width>
				<height>250</height>
				<font/>
				<texturefocus>player/previousfo.png</texturefocus>
				<texturenofocus>player/previous.png</texturenofocus>
				<onclick>PlayerControl(Previous)</onclick>
				<onup>6</onup>
				<ondown>2</ondown>
			</control>
			<control type="button" id="2">
				<description>Stop</description>
				<width>250</width>
				<height>250</height>
				<texturefocus>player/stopfo.png</texturefocus>
				<texturenofocus>player/stop.png</texturenofocus>
				<onclick>PlayerControl(stop)</onclick>
				<onup>1</onup>
				<ondown>3</ondown>
			</control>
			<control type="togglebutton" id="3">
				<width>250</width>
				<height>250</height>
				<font>5</font>
				<texturefocus>player/pausefo.png</texturefocus>
				<texturenofocus>player/pause.png</texturenofocus>
				<usealttexture>!Player.IsPaused</usealttexture>
				<alttexturefocus>player/playfo.png</alttexturefocus>
				<alttexturenofocus>player/play.png</alttexturenofocus>
				<selected>Player.Paused</selected>
				<onclick>PlayerControl(Play)</onclick>
				<visible>Player.PauseEnabled</visible>
				<onup>2</onup>
				<ondown>4</ondown>
			</control>
			<control type="button" id="4">
				<width>250</width>
				<height>250</height>
				<font/>
				<texturefocus>player/nextfo.png</texturefocus>
				<texturenofocus>player/next.png</texturenofocus>
				<onclick>PlayerControl(Next)</onclick>
				<onup>3</onup>
				<ondown>5</ondown>
			</control>
			<control type="button" id="5">
				<description>Смена языковой дорожки</description>
				<width>250</width>
				<height>250</height>
				<texturefocus>player/languageFO.png</texturefocus>
				<texturenofocus>player/language.png</texturenofocus>
				<onclick>AudioNextLanguage</onclick>
				<onup>4</onup>
				<ondown>6</ondown>
			</control>
			<control type="button" id="6">
				<description>Смена субтитров</description>
				<width>250</width>
				<height>250</height>
				<texturefocus>player/subtitleFO.png</texturefocus>
				<texturenofocus>player/subtitle.png</texturenofocus>
				<onclick>NextSubtitle</onclick>
				<onup>5</onup>
				<ondown>7</ondown>
			</control>
			<control type="button" id="7">
				<description>Настроики Аудио</description>
				<width>250</width>
				<height>250</height>
				<texturefocus>player/audioFO.png</texturefocus>
				<texturenofocus>player/audio.png</texturenofocus>
				<onclick>ActivateWindow(OSDAudioSettings)</onclick>
				<onup>6</onup>
				<ondown>8</ondown>
			</control>
			<control type="button" id="8">
				<description>Настройки Видео</description>
				<width>250</width>
				<height>250</height>
				<texturefocus>player/videofo.png</texturefocus>
				<texturenofocus>player/video.png</texturenofocus>
				<onclick>ActivateWindow(OSDVideoSettings)</onclick>
				<onup>7</onup>
				<ondown>1</ondown>
			</control>
		</control>
	</controls>
</window>

