<?xml version="1.0" encoding="UTF-8" standalone="yes"?>
<addon id="repository.maltsev_kodi19" name="Maltsev Repo Kodi19" version="1.0.0" provider-name="Maltsevvv">
	<requires>
		<import addon="xbmc.gui" version="5.15.0"/>
	</requires>
	<extension point="xbmc.addon.repository" name="Maltsev Repo">
		<info compressed="true">https://raw.githubusercontent.com/Maltsevvv/Maltsev-Kodi-Repo/master/kodi19/addons.xml</info>
		<checksum>https://raw.githubusercontent.com/Maltsevvv/Maltsev-Kodi-Repo/master/kodi19/addons.xml.md5</checksum>
		<datadir zip="true">https://raw.githubusercontent.com/Maltsevvv/Maltsev-Kodi-Repo/master/kodi19/</datadir>
	</extension>
	<extension point="xbmc.addon.metadata">
		<summary>Addons for Kodi 19</summary>
		<summary lang="en">Addons for Kodi 19</summary>
		<description>Maltsev Repository</description>
		<platform>all</platform>
	</extension>
</addon>