<?xml version="1.0" encoding="UTF-8"?>
<!-- Maltsev.v.v -->
<window>
	<defaultcontrol always="true">3</defaultcontrol>
	<allowoverlay>yes</allowoverlay>
	<controls>
		<description>Фон</description>
		<control type="image">
			<left>40</left>
			<top>70</top>
			<width>945</width>
			<height>690</height>
			<texture>contentpanel.png</texture>
		</control>
		<control type="grouplist" id="3">
			<description>Верхняя панель категорий</description>
			<left>50</left>
			<top>80</top>
			<width>930</width>
			<height>65</height>
			<align>center</align>
			<itemgap>45</itemgap>
			<orientation>horizontal</orientation>
			<onup>9001</onup>
			<ondown>5</ondown>
			<onleft></onleft>
			<onright></onright>
		</control>
		<control type="button" id="10">
			<width>250</width>
			<height>65</height>
			<texturefocus>button-focus.png</texturefocus>
			<texturenofocus>button.png</texturenofocus>
			<textcolor>Color1</textcolor>
			<focusedcolor>Color2</focusedcolor>
			<selectedcolor>Color4</selectedcolor>
			<disabledcolor>gray</disabledcolor>
			<textoffsetx>5</textoffsetx>
			<textoffsety>5</textoffsety>
			<pulseonselect>false</pulseonselect>
			<wrapmultiline>false</wrapmultiline>
			<align>center</align>
			<aligny>center</aligny>
			<font>40</font>
			<scroll>true</scroll>
		</control>		
		
  		<control type="grouplist" id="5">
			<description>Лист</description>
			<left>55</left>
			<top>150</top>
			<width>910</width>
			<height>420</height>
			<orientation>vertical</orientation>
			<itemgap>5</itemgap>
			<onup>3</onup>
			<ondown>9001</ondown>
			<onleft></onleft>
			<onright>9001</onright>
		</control>
		<control type="button" id="7">
			<description>Default Button</description>
			<width>250</width>
			<height>65</height>
			<texturefocus>button-focus.png</texturefocus>
			<texturenofocus>button.png</texturenofocus>
			<textcolor>Color1</textcolor>
			<focusedcolor>Color2</focusedcolor>
			<selectedcolor>Color4</selectedcolor>
			<disabledcolor>gray</disabledcolor>
			<textoffsetx>5</textoffsetx>
			<textoffsety>5</textoffsety>
			<pulseonselect>false</pulseonselect>
			<wrapmultiline>false</wrapmultiline>
			<align>left</align>
			<aligny>center</aligny>
			<font>40</font>
		</control>
		<control type="radiobutton" id="8">
			<description>Default RadioButton</description>
			<width>250</width>
			<height>65</height>
			<texturefocus>button-focus.png</texturefocus>
			<texturenofocus>button.png</texturenofocus>
			<textureradiofocus></textureradiofocus>
			<textureradionofocus></textureradionofocus>
			<textcolor>Color1</textcolor>
			<focusedcolor>Color2</focusedcolor>
			<selectedcolor>Color4</selectedcolor>
			<disabledcolor>gray</disabledcolor>
			<textoffsetx>5</textoffsetx>
			<textoffsety>5</textoffsety>
			<textwidth>auto</textwidth>
			<pulseonselect>false</pulseonselect>
			<wrapmultiline>false</wrapmultiline>
			<align>left</align>
			<aligny>center</aligny>
			<font>40</font>
		</control>
		<control type="spincontrolex" id="9">
			<description>Default SpinControlex</description>
			<width>250</width>
			<height>65</height>
			<texturefocus>button-focus.png</texturefocus>
			<texturenofocus>button.png</texturenofocus>
			<textcolor>Color1</textcolor>
			<focusedcolor>Color2</focusedcolor>
			<selectedcolor>Color4</selectedcolor>
			<disabledcolor>gray</disabledcolor>
			<textoffsetx>5</textoffsetx>
			<textoffsety>5</textoffsety>
			<textwidth>auto</textwidth>
			<textureup>scroll-up.png</textureup>
			<textuColor4own>scroll-down.png</textuColor4own>
			<textureupfocus>scroll-up-focus.png</textureupfocus>
			<textuColor4ownfocus>scroll-down-focus.png</textuColor4ownfocus>
			<spinwidth>50</spinwidth>
			<spinheight>50</spinheight>
			<spinposx></spinposx>
			<spinposy></spinposy>
			<pulseonselect>false</pulseonselect>
			<wrapmultiline>false</wrapmultiline>
			<align>left</align>
			<aligny>center</aligny>
			<font>40</font>
		</control>
		<control type="edit" id="12">
			<description>Default Edit</description>
			<width>auto</width>
			<height>65</height>
			<textcolor>Color1</textcolor>
			<focusedcolor>Color2</focusedcolor>
			<selectedcolor>Color4</selectedcolor>
			<disabledcolor>gray</disabledcolor>
			<texturefocus>button-focus.png</texturefocus>
			<texturenofocus>button.png</texturenofocus>
			<pulseonselect>false</pulseonselect>
			<font>40</font>
			<align>left</align>
			<aligny>center</aligny>
		</control>
		<control type="sliderex" id="13">
			<description>Default Slider</description>
			<width>200</width>
			<height>65</height>
			<texturefocus>button-focus.png</texturefocus>
			<texturenofocus>button.png</texturenofocus>
			<textcolor>Color1</textcolor>
			<focusedcolor>Color2</focusedcolor>
			<selectedcolor>Color4</selectedcolor>
			<disabledcolor>gray</disabledcolor>
			<textoffsetx>5</textoffsetx>
			<textoffsety>5</textoffsety>
			<textwidth>500</textwidth>
			<pulseonselect>false</pulseonselect>
			<texturesliderbar>slider_bg.png</texturesliderbar>
			<textureslidernib border="2">slidernibnf.png</textureslidernib>
			<textureslidernibfocus border="2">slidernibfo.png</textureslidernibfocus>
			<sliderwidth>150</sliderwidth>
			<sliderheight>55</sliderheight>
			<font>40</font>
		</control>
		<control type="label" id="14">
			<description>Default Heading</description>
			<width>auto</width>
			<height>65</height>
			<align>center</align>
			<aligny>center</aligny>
			<textcolor>Color2</textcolor>
			<font>40</font>
		</control>

		<control type="grouplist" id="9001">
			<left>50</left>
			<top>650</top>
			<width>930</width>
			<height>65</height>
			<align>center</align>
			<itemgap>45</itemgap>
			<orientation>horizontal</orientation>
			<onup>5</onup>
			<ondown>3</ondown>
			<control type="button" id="28">
				<description>OK Button</description>
				<width>250</width>
				<height>65</height>
				<texturefocus>button-focus.png</texturefocus>
				<texturenofocus>button.png</texturenofocus>
				<textcolor>Color1</textcolor>
				<focusedcolor>Color2</focusedcolor>
				<selectedcolor>Color4</selectedcolor>
				<disabledcolor>gray</disabledcolor>
				<textoffsetx>5</textoffsetx>
				<textoffsety>5</textoffsety>
				<pulseonselect>false</pulseonselect>
				<wrapmultiline>false</wrapmultiline>
				<align>center</align>
				<aligny>center</aligny>
				<font>40</font>
			</control>
			<control type="button" id="29">
				<description>Cancel Button</description>
				<width>250</width>
				<height>65</height>
				<texturefocus>button-focus.png</texturefocus>
				<texturenofocus>button.png</texturenofocus>
				<textcolor>Color1</textcolor>
				<focusedcolor>Color2</focusedcolor>
				<selectedcolor>Color4</selectedcolor>
				<disabledcolor>gray</disabledcolor>
				<textoffsetx>5</textoffsetx>
				<textoffsety>5</textoffsety>
				<pulseonselect>false</pulseonselect>
				<wrapmultiline>false</wrapmultiline>
				<align>center</align>
				<aligny>center</aligny>
				<font>40</font>
				<label/>
			</control>
			<control type="button" id="30">
		 		<description>Defaults Button</description>
				<width>250</width>
				<height>65</height>
				<texturefocus>button-focus.png</texturefocus>
				<texturenofocus>button.png</texturenofocus>
				<textcolor>Color1</textcolor>
				<focusedcolor>Color2</focusedcolor>
				<selectedcolor>Color4</selectedcolor>
				<disabledcolor>gray</disabledcolor>
				<textoffsetx>5</textoffsetx>
				<textoffsety>5</textoffsety>
				<pulseonselect>false</pulseonselect>
				<wrapmultiline>false</wrapmultiline>
				<align>center</align>
				<aligny>center</aligny>
				<font>40</font>
			</control>
		</control>
	</controls>
</window>
