<?xml version="1.0" encoding="UTF-8"?>
<window id="2000">
	<defaultcontrol always="true">3</defaultcontrol>
	<controls>
		<include>background</include>
		<include>framemax</include>
		<control type="label" id="1">
			<left>40</left>
			<top>10</top>
			<width>940</width>
			<align>center</align>
			<font>40</font>
		</control>
		<control type="list" id="3">
			<pagecontrol>60</pagecontrol>
			<onup>3</onup>
			<ondown>3</ondown>
			<onleft>60</onleft>
			<onright>9000</onright>
		</control>
		<control type="list" id="6">
			<pagecontrol>60</pagecontrol>
			<scroll>true</scroll>
			<onup>6</onup>
			<ondown>6</ondown>
			<onleft>960</onleft>
			<onright>9000</onright>
		</control>
		<control type="grouplist" id="9000">
			<onup>9001</onup>
			<ondown>3</ondown>
			<onleft></onleft>
			<onright></onright>
			<control type="button" id="5">
				<description>Button</description>
				<align>center</align>
				<label>$LOCALIZE[368]</label>
				<onup>3</onup>
				<ondown>3</ondown>
				<onleft></onleft>
				<onright>3</onright>
			</control>
			
			<control type="button" id="7">
				<description>Button</description>
				<align>center</align>
				<font>40</font>
				<label></label>
				<onup>3</onup>
				<ondown>3</ondown>
				<onleft></onleft>
				<onright>3</onright>
			</control>
		</control>
		<control type="scrollbar" id="60">
			<left>15</left>
			<top>65</top>
			<width>20</width>
			<height>620</height>
			<texturesliderbackground>buttons/scrollbar-nib-nofocus.png</texturesliderbackground>
			<textureslidernib>button.png</textureslidernib>
			<textureslidernibfocus>button-focus.png</textureslidernibfocus>
			<showonepage>true</showonepage>
			<orientation>vertical</orientation>
			<!-- <onleft>50</onleft>
			<onright>50</onright> -->
			<onleft>6</onleft>
			<onright>3</onright>
		</control>
	</controls>
</window>