<?xml version="1.0" encoding="UTF-8"?>
<window>
	<defaultcontrol>10</defaultcontrol>
	<!-- <onload>Control.SetFocus(10)</onload> -->
	<controls>
		<include>background</include>
		<include>framemax</include>
		<include>select</include>
	
		<control type="label" id="2">
			<description>Добавить видеоисточник</description>
			<left>130</left>
			<top>10</top>
			<width>730</width>
			<height>40</height>
			<align>center</align>
			<aligny>center</aligny>
			<label>$LOCALIZE[13406]</label>
		</control>
		<control type="label">
			<description>path label</description>
			<left>130</left>
			<top>120</top>
			<width>730</width>
			<height>40</height>
			<font>40</font>
			<align>center</align>
			<aligny>center</aligny>
			<label>$LOCALIZE[1021]</label>
			<!-- <textcolor>black</textcolor> -->
		</control>
		<control type="list" id="10">
			<top>200</top>
			<left>60</left>
			<width>600</width>
			<height>250</height>
			<!-- <align>top</align> -->
			<itemgap>10</itemgap>
			<pagecontrol>-</pagecontrol>
			<onleft>-</onleft>
			<onright>9000</onright>
			<onup>-</onup>
			<ondown>12</ondown>
			<scrolltime>200</scrolltime>
			<itemlayout height="75">
				<control type="image">
					<width>580</width>
					<height>65</height>
					<texture>button.png</texture>
				</control>
				<control type="label">
					<top>0</top>
					<left>0</left>
					<width>580</width>
					<font>50</font>
					<align>left</align>
					<aligny>center</aligny>
					<textcolor>Color1</textcolor>
					<selectedcolor>Color4</selectedcolor>
					<label>   $INFO[ListItem.Label]</label>
				</control>
			</itemlayout>
			<focusedlayout height="75">
				<control type="image">
					<width>580</width>
					<height>65</height>
					<!-- <texture border="5">button-focus.png</texture> -->
					<texture border="5">button-focus.png</texture>
				</control>
				<control type="label">
					<left>0</left>
					<top>0</top>
					<width>580</width>
					<font>50</font>
					<align>left</align>
					<aligny>center</aligny>
					<!-- <textcolor>Color2</textcolor> -->
					<textcolor>Color2</textcolor>
					<selectedcolor>Color6</selectedcolor>
					<label>   $INFO[ListItem.Label]</label>
				</control>
			</focusedlayout>
		</control>

		<control type="grouplist" id="9000">
			<top>190</top>
			<left>710</left>
			<width>250</width>
			<height>240</height>
			<itemgap>10</itemgap>
			<orientation>vertical</orientation>
			<onup>9000</onup>
			<ondown>12</ondown>
			<onleft>10</onleft>
			<onright>9001</onright>
			<control type="button" id="11">
				<description>Browse Button</description>
				<label>1024</label>
				<!-- <onleft>18</onleft> -->
				<onleft>10</onleft>
			</control>
			<control type="button" id="13">
				<description>Add Path Button</description>
				<label>15019</label> 
				<onleft>10</onleft>
				<onright>14</onright>
			</control>
			<control type="button" id="14">
				<description>Remove Path Button</description>
				<label>1210</label>
				<onright>19</onright>
				<onleft>10</onleft>
			</control>
		</control>
		<control type="label">
			<description>Name label</description>
			<posx>20</posx>
			<posy>450</posy>
			<width>960</width>
			<height>30</height>
			<align>center</align>
			<aligny>center</aligny>
			<font>40</font>
			<label>1022</label>
		<!-- 	<textcolor>black</textcolor> -->
		</control>
		<control type="edit" id="12">
			<description>Кнопка Ввода текста</description>
			<left>60</left>
			<top>500</top>
			<width>900</width>
			<onup>9000</onup>
			<ondown>9001</ondown>
		</control>
		<control type="grouplist" id="9001">
			<left>50</left>
			<top>580</top>
			<width>900</width>
			<align>center</align>
			<itemgap>45</itemgap>
			<onup>12</onup>
			<ondown>9000</ondown>
			<onleft></onleft>
			<onright></onright>
			<orientation>horizontal</orientation>
			<control type="button" id="18">
				<description>Ok Button</description>
				<align>center</align>
				<label>186</label>
			</control>
			<control type="button" id="19">
				<description>Cancel Button</description>
				<align>center</align>
				<label>222</label>
			</control>
		</control>
	</controls>
</window>
