<?xml version="1.0" encoding="UTF-8"?>
<window id="3">
	<defaultcontrol always="true">20</defaultcontrol>
	<allowoverlay>yes</allowoverlay>
	<controls>
		<include>Background</include>
		<include>FrameManager</include>
		<control type="group">
			<description>Левая панель</description>
			<control type="list" id="20">
				<animation effect="fade" start="100" end="30" time="500" delay="50" condition="!Control.HasFocus(20)">Conditional</animation>
				<top>32</top>
				<left>24</left>
				<width>473</width>
				<height>710</height>
				<align>top</align>
				<itemgap>10</itemgap>
				<pagecontrol>60</pagecontrol>
				<onleft>Highlight</onleft>
				<onright>60</onright>
				<onup>20</onup>
				<ondown>20</ondown>
				<itemlayout height="75" width="473">
					<control type="image">
						<width>473</width>
						<height>65</height>
						<texture>button.png</texture>
					</control>
					<control type="label">
						<top>0</top>
						<left>0</left>
						<width>473</width>
						<align>left</align>
						<font>50</font>
						<textcolor>Color1</textcolor>
						<selectedcolor>Color4</selectedcolor>
						<scroll>true</scroll>
						<aligny>center</aligny>
						<label>   $INFO[ListItem.Label]</label>
					</control>
					<control type="label">
						<left>0</left>
						<top>0</top>
						<width>473</width>
						<align>right</align>
						<font>40</font>
						<textcolor>Color1</textcolor>
						<selectedcolor>Color4</selectedcolor>
						<aligny>center</aligny>
						<info>ListItem.Label2</info>
					</control>
				</itemlayout>
				<focusedlayout height="75" width="473">
					<control type="image">
						<width>473</width>
						<height>65</height>
						<texture border="5">button-focus.png</texture>
					</control>
					<control type="label">
						<left>0</left>
						<top>0</top>
						<width>473</width>
						<font>50</font>
						<textcolor>Color2</textcolor>
						<selectedcolor>Color6</selectedcolor>
						<align>left</align>
						<scroll>true</scroll>
						<label>   $INFO[ListItem.Label]</label>
					</control>
					<control type="label">
						<left>0</left>
						<top>0</top>
						<width>473</width>
						<font>40</font>
						<textcolor>Color2</textcolor>
						<selectedcolor>Color6</selectedcolor>
						<align>right</align> 
						<info>ListItem.Label2</info>
					</control>
				</focusedlayout>
			</control>


			<control type="scrollbar" id="60">
				<left>503</left>
				<top>15</top>
				<width>20</width>
				<height>620</height>
				<!-- <animation effect="zoom" start="75" end="100" center="auto" tween="back" time="320" condition="Control.HasFocus(60)">Conditional</animation> -->
				<texturesliderbackground>buttons/scrollbar-nib-nofocus.png</texturesliderbackground>
				<textureslidernib>button-focus.png</textureslidernib>
				<textureslidernibfocus>button.png</textureslidernibfocus>
				<showonepage>true</showonepage>
				<orientation>vertical</orientation>
				<onleft>20</onleft>
				<onright>21</onright>
			</control>
		</control>

		<control type="list" id="21">
			<animation effect="fade" start="100" end="30" time="500" delay="50" condition="!Control.HasFocus(21)">Conditional</animation>
			<top>32</top>
			<left>528</left>
			<width>473</width>
			<height>710</height>
			<pagecontrol>-</pagecontrol>
			<onleft>20</onleft>
			<onright>Highlight</onright>
			<onup>21</onup>
			<ondown>21</ondown>
			<itemlayout height="75" width="473">
				<control type="image">
					<width>473</width>
					<height>65</height>
					<texture border="2">button.png</texture>
				</control>
				<control type="label">
					<left>0</left>
					<top>0</top>
					<width>473</width>
					<align>left</align>
					<font>50</font>
					<textcolor>Color1</textcolor>
					<selectedcolor>Color4</selectedcolor>
					<scroll>true</scroll>
					<label>   $INFO[ListItem.Label]</label>
				</control>
				<control type="label">
					<left>0</left>
					<top>0</top>
					<width>473</width>
					<align>right</align>
					<font>40</font>
					<textcolor>Color1</textcolor>
					<selectedcolor>Color4</selectedcolor>
					<scrollspeed>50</scrollspeed>
					<info>ListItem.Label2</info>
				</control>
			</itemlayout>
			<focusedlayout height="75" width="473">
				<control type="image">
					<width>473</width>
					<height>65</height>
					<texture border="5">button-focus.png</texture>
					<animation effect="fade" start="100" end="0" time="20" delay="500" condition="!Control.HasFocus(21)">Conditional</animation>
				</control>
				<control type="label">
					<left>0</left>
					<top>0</top>
					<width>473</width>
					<font>50</font>
					<textcolor>Color2</textcolor>
					<selectedcolor>Color6</selectedcolor>
					<align>left</align>
					<scroll>true</scroll>
					<label>   $INFO[ListItem.Label]</label>
				</control>
				<control type="label">
					<left>0</left>
					<top>0</top>
					<width>473</width>
					<font>40</font>
					<textcolor>Color2</textcolor>
					<selectedcolor>Color6</selectedcolor>
					<align>right</align> 
					<info>ListItem.Label2</info>
				</control>
			</focusedlayout>
		</control>
	</controls>

</window>