<?xml version="1.0" encoding="UTF-8"?>
<includes>
	<description>Bluetooth</description>
	<include name="Bluetooth">
		<control type="group">
			<left>10</left>
			<visible>!Player.HasMedia</visible>
			<control type="group">
				<description>Line 1</description>
				<top>110</top>
				<width>930</width>
				<control type="label">
					<description>Artist Info</description>
					<align>center</align>
					<!-- <textoffsetx>220</textoffsetx> -->
					<font>60</font>
					<scroll>true</scroll>
					<label> $INFO[Window(10000).Property(BTartist)]</label>
				</control>
			</control>
			<control type="group">
				<description>Line 2</description>
				<top>190</top>
				<control type="label">
					<description>BT.Player.Title</description>
					<width>920</width>
					<font>60</font>
					<align>center</align>
					<label> $INFO[Window(10000).Property(BTtitle)]</label>
					<scroll>true</scroll>
				</control>
			</control>
			<control type="group">
				<description>Line 3</description>
				<top>290</top>
				<control type="label">
					<description>TrackNumber</description>
					<width>920</width>
					<font>60</font>
					<align>left</align>
					<label>$INFO[Window(10000).Property(BTtrack)]</label>
				</control>
				<control type="label">
					<description>Player.Time</description>
					<width>920</width>
					<font>60</font>
					<align>right</align>
					<label>$INFO[Window(10000).Property(BTdevice)]</label>
				</control>
			</control>
		</control>
	</include>
</includes>
