<?xml version="1.0" encoding="UTF-8"?>
<includes>
	<include file="Defaults.xml" />
	<include file="View_50_List.xml" />
	<include file="IncludeCanBus.xml" />
	<include file="IncludeFrame.xml" />
	<include file="IncludeMusic.xml" />
	<include file="IncludeBluetooth.xml" />
	
	<description>Фон</description>
	<include name="background">
		<control type="image">
			<left>0</left>
			<top>0</top>
			<width>1024</width>
			<height>768</height>
			<texture>contentpanel.png</texture>
		</control>
		<control type="image">
			<left>5</left>
			<top>0</top>
			<width>1024</width>
			<height>768</height>
			<texture>background.png</texture>
		</control>
		<control type="image">
			<description>Left Up</description>
			<top>105</top>
			<left>0</left>
			<width>135</width>
			<height>283</height>
			<texture>buttons/LeftUp.png</texture>
		</control>
		<control type="image">
			<description>Left Down</description>
			<left>0</left>
			<top>380</top>
			<width>135</width>
			<height>283</height>
			<texture>buttons/LeftDown.png</texture>
		</control>
		<control type="image">
			<description>Right UP</description>
			<left>895</left>
			<top>105</top>
			<width>135</width>
			<height>283</height>
			<texture>buttons/RightUp.png</texture>
		</control>
		<control type="image">
			<description>Right Down</description>
			<left>895</left>
			<top>380</top>
			<width>135</width>
			<height>283</height>
			<texture>buttons/RightDown.png</texture>
		</control>
	</include>

	<include name="contentpanel">
		<control type="image">
			<left>0</left>
			<top>0</top>
			<width>1024</width>
			<height>768</height>
			<texture>contentpanel.png</texture>
		</control>
	</include>

	<include name="panel">
		<control type="image">
			<left>100</left>
			<top>100</top>
			<width>1024</width>
			<height>768</height>
			<texture>contentpanel.png</texture>
		</control>
	</include>
	
	<description>Image</description>
	<include name="image">
		<control type="image">
			<left></left>
			<top></top>
			<width>250</width>
			<height>250</height>
			<align>center</align>
			<aligny>center</aligny>
			<texture></texture>
		</control>
	</include>

	<include name="SettingsPanel">
		<itemlayout height="75" width="500">
			<control type="image">
				<left>40</left>
				<top>405</top>
				<width>440</width>
				<height>65</height>
				<texture>button.png</texture>
			</control>
			<control type="label">
				<left>40</left>
				<top>405</top>
				<width>440</width>
				<height>65</height>
				<font>70</font>
				<textcolor>FF000000</textcolor>
				<label>$INFO[ListItem.Label]</label>
				<align>center</align>
			</control>
		</itemlayout>
		<focusedlayout height="75" width="500">
<!-- 			<control type="image">
				<left>40</left>
				<top>405</top>
				<width>440</width>
				<height>65</height>
				<texture>button-focus.png</texture>
			</control> -->
			<control type="label">
				<left>40</left>
				<top>405</top>
				<width>440</width>
				<height>65</height>
				<font>70</font>
				<textcolor>FFB0C4DE</textcolor>
				<label>$INFO[ListItem.Label]</label>
				<align>center</align>
			</control>
		</focusedlayout>
	</include>

	<include name="time">
 		<control type="label">
			<left>25</left>
			<top>25</top>
			<width>960</width>
			<height>70</height>
			<font>70</font>
			<align>center</align>
			<textcolor>88FFFFFF</textcolor>
			<label>[B]$INFO[System.Time][/B]</label>
			<visible>[!Skin.HasSetting(time)]</visible>
		</control>
	</include>
	
	<include name="ip">
		<control type="label">
			<left>100</left>
			<top>110</top>
			<width>750</width>
			<height>50</height>
			<font>40</font>
			<info>Network.IPAddress</info>
			<align>right</align>
			<textcolor>88FFFFFF</textcolor>
			<visible>[!Skin.HasSetting(ip)]</visible>
		</control>
	</include>
	
	<include name="cpu">
		<control type="label">
			<left>170</left>
			<top>110</top>
			<width>750</width>
			<height>50</height>
			<font>40</font>
			<label>CPU $INFO[System.CPUTemperature]</label>
			<!-- <label>CPU $INFO[Window(10000).Property(rpi_cpu)] °C</label> -->
			<align>left</align>
			<textcolor>88FFFFFF</textcolor>
			<visible>[!Skin.HasSetting(CPUTemperature)]</visible>
		</control>
	</include>
	
	<include name="canbus_msg">
		<control type="label">
			<description>Speed</description>
			<top>20</top>
			<left>10</left>
			<width>1000</width>
			<font>50</font>
			<align>left</align>
			<textcolor>ffed6504</textcolor>
			<label>$INFO[Window(10000).Property(speed)] $LOCALIZE[350005]</label>
		</control>
		<control type="label">
			<description>RPM</description>
			<top>20</top>
			<left>20</left>
			<width>1000</width>
			<font>50</font>
			<align>right</align>
			<textcolor>ffed6504</textcolor>
			<label>[B]$INFO[Window(10000).Property(rpm)][/B] rpm</label>
		</control>
		
		<control type="label">
			<top>680</top>
			<left>10</left>
			<width>1000</width>
			<font>50</font>
			<align>left</align>
			<textcolor>ffed6504</textcolor>
			<!-- <label>CPU $INFO[Window(10000).Property(rpi_cpu)] °C</label> -->
			<label>CPU $INFO[System.CPUTemperature]</label>
		</control>
		
	
		<control type="label">
			<top>680</top>
			<left>20</left>
			<width>1000</width>
			<font>50</font>
			<align>right</align>
			<textcolor>ffed6504</textcolor>
			<label>$LOCALIZE[350003] [B]$INFO[Window(10000).Property(coolant)][/B] °C</label>
		</control>
	</include>
	
</includes>