<?xml version="1.0" encoding="UTF-8"?>
<includes>
	<include name="canbus">
	
		<control type="label">
			<visible>[!Skin.HasSetting(coolant)]</visible>
			<top>590</top>
			<left>170</left>
			<width>690</width>
			<font>50</font>
			<align>left</align>
			<textcolor>88FFFFFF</textcolor>
			<label>$LOCALIZE[40021] [B]$INFO[Window(10000).Property(coolant)][/B]°C</label>
		</control>

 		<control type="label">
			<visible>[!Skin.HasSetting(speed.big)]</visible>
			<description>SpeedBig</description>
			<top>220</top>
			<left>40</left>
			<width>940</width>
			<height>300</height>
			<font>300</font>
			<align>center</align>
			<textcolor>88FFFFFF</textcolor>
			<label>$INFO[Window(10000).Property(speed)]</label>
		</control>
		
		<control type="label">
			<visible>[!Skin.HasSetting(rpm)]</visible>
			<top>590</top>
			<left>170</left>
			<width>690</width>
			<font>50</font>
			<align>right</align>
			<textcolor>88FFFFFF</textcolor>
			<label>[B]$INFO[Window(10000).Property(rpm)][/B] rpm</label>
		</control>

		<control type="group">
			<visible>[!Skin.HasSetting(speed)]</visible>
			<control type="label">
				<top>680</top>
				<left>170</left>
				<width>690</width>
				<font>70</font>
				<align>center</align>
				<textcolor>ffed6504</textcolor>
				<label>[B]$INFO[Window(10000).Property(speed)][/B]</label>
			</control>
		</control>
	</include> 
</includes>
