<?xml version="1.0" encoding="UTF-8"?>
<includes>
	<description>Музыка</description>
	<include name="equalizer">
		<control type="group">
			<visible>Player.Playing</visible>
			<control type="image">
				<description>Audio Type</description>
				<top>580</top>
				<left>20</left>
				<height>90</height>
				<texture>other_textures\audiocodec\$INFO[MusicPlayer.Codec].png</texture>
				<aspectratio>keep</aspectratio>
			</control>
		</control>
	</include>
	<include name="music">
		<control type="group">
			<visible>Player.HasAudio</visible>
			<top>170</top>
			<left>160</left>
			<control type="image">
				<description>CD Cover</description>
				<left>550</left>
				<top>125</top>
				<width>200</width>
				<height>200</height>
				<textcolor>ffb87e53</textcolor>
				<aspectratio>keep</aspectratio>
				<!-- <texture>$INFO[MusicPlayer.Cover]</texture> -->
				<texture fallback="other_textures\bd.png">$INFO[Player.Art(thumb)]</texture>
			</control>
			<control type="label">
				<description>Audio Artist</description>
				<top>100</top>
				<width>630</width>
				<height>50</height>
				<font>70</font>
				<align>center</align>
				<scroll>true</scroll>
				<textcolor>ffb87e53</textcolor>
				<label> $INFO[MusicPlayer.Artist]</label>
			</control>

			<control type="label">
				<description>Audio Title</description>
				<top>200</top>
				<width>630</width>
				<height>50</height>
				<font>70</font>
				<align>center</align>
				<scroll>true</scroll>
				<textcolor>ffb87e53</textcolor>
				<label> $INFO[MusicPlayer.Title]</label>
			</control>
<!-- 			<control type="label">
				<description>Audio Album</description>
				<top>170</top>

				<width>630</width>
				<height>50</height>
				<font>50</font>
				<align>center</align>
				<scroll>true</scroll>
				<textcolor>ffb87e53</textcolor>
				<label>$INFO[ MusicPlayer.Album]</label>
			</control>
			<control type="label">
				<description>Audio Codec</description>
				<top>260</top>

				<width>630</width>
				<height>50</height>
				<font>50</font>
				<align>center</align>
				<scroll>true</scroll>
				<textcolor>ffb87e53</textcolor>
				<label>$INFO[MusicPlayer.Genre]</label>
			</control> -->
			<control type="label">
				<description>number position</description>
				<top>320</top>
				<left>-20</left>
				<width>750</width>
				<height>50</height>
				<font>50</font>
				<align>left</align>
				<textcolor>ffb87e53</textcolor>
				<label>$INFO[musicplayer.Playlistposition,$LOCALIZE[554]: ]$INFO[musicplayer.Playlistlength, / ]</label>
			</control>
			<control type="label">
				<description>Audio Time</description>
				<top>320</top>
				<left>-20</left>
				<width>750</width>
				<height>50</height>
				<font>50</font>
				<align>right</align>
				<scroll>true</scroll>
				<textcolor>ffb87e53</textcolor>
				<label>$INFO[MusicPlayer.Time] / $INFO[MusicPlayer.Duration]</label>
			</control>
		</control>
		<control type="image">
			<description>if Pause</description>
			<visible>!Player.Pause</visible>
			<visible>Player.Paused</visible>
			<top>-10</top>
			<left>110</left>
			<width>800</width>
			<height>800</height>
			<texture>player/pause.png</texture>
			<aspectratio>keep</aspectratio>
		</control>
	</include>
</includes>
