<?xml version="1.0" encoding="UTF-8"?>
<includes>
	<description>Bluetooth</description>
	<include name="Bluetooth">
		<control type="group">
			<top>170</top>
			<left>160</left>
			<visible>!Player.HasMedia</visible>
			<control type="group">
				<description>Line 1</description>
				<control type="label">
					<description>Audio Artist</description>
					<top>100</top>
					<width>630</width>
					<height>50</height>
					<font>70</font>
					<align>center</align>
					<scroll>true</scroll>
					<textcolor>ffb87e53</textcolor>
					<label> $INFO[Window(10000).Property(artist)]</label>
				</control>
				<control type="label">
					<description>Audio Title</description>
					<top>200</top>
					<width>630</width>
					<height>50</height>
					<font>70</font>
					<align>center</align>
					<scroll>true</scroll>
					<textcolor>ffb87e53</textcolor>
					<label> $INFO[Window(10000).Property(title)]</label>
				</control>
				<control type="label">
					<description>number position</description>
					<top>320</top>
					<left>-20</left>
					<width>750</width>
					<height>50</height>
					<font>50</font>
					<align>left</align>
					<textcolor>ffb87e53</textcolor>
					<label>$INFO[Window(10000).Property(track)]</label>
				</control>
				<control type="label">
					<description>BT device</description>
					<top>320</top>
					<left>-20</left>
					<width>750</width>
					<height>50</height>
					<font>50</font>
					<align>right</align>
					<scroll>true</scroll>
					<textcolor>ffb87e53</textcolor>
					<label>$INFO[Window(10000).Property(device)]</label>
				</control>
			</control>
		</control>
	</include>
</includes>
