<?xml version="1.0" encoding="UTF-8"?>
<includes>
	<include name="View_50_List">

		<control type="list" id="50">
			<left>85</left>
			<top>125</top>
			<width>800</width>
			<height>520</height>
			<align>top</align>
			<scroll>true</scroll>
			<pagecontrol>60</pagecontrol>
			<onup>50</onup>
			<ondown>50</ondown>
			<onleft>100</onleft>
			<onright>60</onright>
			
			<description>Нет фокуса</description>
			<itemlayout height="65">
				<control type="label">
					<left>95</left>
					<top>0</top>
					<width>600</width>
					<height>65</height>
					<align>left</align>
					<aligny>center</aligny>
					<textcolor>ffb87e53</textcolor>
					<selectedcolor>ffed6504</selectedcolor>
					<font>50</font>
					<info>ListItem.Label</info>
				</control>
				<control type="label">
					<left>680</left>
					<top>0</top>
					<width>170</width>
					<height>65</height>
					<align>left</align>
					<aligny>center</aligny>
					<textcolor>ffb87e53</textcolor>
					<selectedcolor>ffb87e53</selectedcolor>
					<font>30</font>
					<info>ListItem.Label2</info>
				</control>
				<description>Маркер продолжить</description>
				<control type="image">
					<top>14</top>
					<left>865</left>
					<width>45</width>
					<height>45</height>
					<aspectratio aligny="top">keep</aspectratio>
					<texture>Watched.png</texture>
					<visible>ListItem.IsResumable</visible>
				</control>
				<description>Маркер просмотренное</description>
				<control type="image">
					<top>14</top>
					<left>865</left>
					<width>45</width>
					<height>45</height>
					<aspectratio aligny="top">keep</aspectratio>
					<texture>$INFO[ListItem.Overlay]</texture>
				</control>
			</itemlayout>
			<description>В фокусе</description>
			<focusedlayout height="65">
				<control type="label">
					<left>95</left>
					<top>0</top>
					<width>600</width>
					<height>65</height>
					<align>left</align>
					<textcolor>ffed6504</textcolor>
					<selectedcolor>FFB0C4DE</selectedcolor>
					<font>50</font>
					<label>[B]$INFO[ListItem.Label][/B]   </label>
					<scroll>true</scroll>
				</control>
				 <control type="label">
					<left>680</left>
					<top>0</top>
					<width>130</width>
					<height>65</height>
					<align>left</align>
					<aligny>center</aligny>
					<textcolor>ffb87e53</textcolor>
					<selectedcolor>ffb87e53</selectedcolor>
					<font>30</font>
					<info>ListItem.Label2</info>
					<scroll>true</scroll>
				</control>
				<description>Маркер продолжить</description>
				<control type="image">
					<top>14</top>
					<left>865</left>
					<width>45</width>
					<height>45</height>
					<aspectratio aligny="top">keep</aspectratio>
					<texture>Watched.png</texture>
					<visible>ListItem.IsResumable</visible>
				</control>
				<description>Маркер просмотренное</description>
				<control type="image">
					<top>14</top>
					<left>865</left>
					<width>45</width>
					<height>45</height>
					<aspectratio aligny="top">keep</aspectratio>
					<texture>$INFO[ListItem.Overlay]</texture>
				</control>
				<control type="image">
					<top>0</top>
					<posx>35</posx>
					<width>144</width>
					<aspectratio>keep</aspectratio>
					<texture>point0.png</texture>
					<animation effect="fade" start="100" end="50" condition="!Control.HasFocus(50)">Conditional</animation>
					<visible>Container(50).Position(0)</visible>
				</control>
				<control type="image">
					<top>0</top>
					<posx>15</posx>
					<width>144</width>
					<aspectratio>keep</aspectratio>
					<texture>point1.png</texture>
					<animation effect="fade" start="100" end="50" condition="!Control.HasFocus(50)">Conditional</animation>
					<visible>Container(50).Position(1)</visible>
				</control>
				<control type="image">
					<top>0</top>
					<posx>0</posx>
					<width>144</width>
					<aspectratio>keep</aspectratio>
					<texture>point3.png</texture>
					<animation effect="fade" start="100" end="50" condition="!Control.HasFocus(50)">Conditional</animation>
					<visible>Container(50).Position(2)</visible>
				</control>
				<control type="image">
					<top>0</top>
					<posx>-5</posx>
					<width>144</width>
					<aspectratio>keep</aspectratio>
					<texture>point4.png</texture>
					<animation effect="fade" start="100" end="50" condition="!Control.HasFocus(50)">Conditional</animation>
					<visible>Container(50).Position(3)</visible>
				</control>
				<control type="image">
					<top>0</top>
					<posx>-5</posx>
					<width>144</width>
					<aspectratio>keep</aspectratio>
					<texture>point4.png</texture>
					<animation effect="fade" start="100" end="50" condition="!Control.HasFocus(50)">Conditional</animation>
					<visible>Container(50).Position(4)</visible>
				</control>

				<control type="image">
					<top>0</top>
					<posx>0</posx>
					<width>144</width>
					<aspectratio>keep</aspectratio>
					<texture>point3.png</texture>
					<animation effect="fade" start="100" end="50" condition="!Control.HasFocus(50)">Conditional</animation>
					<visible>Container(50).Position(5)</visible>
				</control>
				<control type="image">
					<top>0</top>
					<posx>15</posx>
					<width>144</width>
					<aspectratio>keep</aspectratio>
					<texture>point1.png</texture>
					<animation effect="fade" start="100" end="50" condition="!Control.HasFocus(50)">Conditional</animation>
					<visible>Container(50).Position(6)</visible>
				</control>
				<control type="image">
					<top>0</top>
					<posx>35</posx>
					<width>144</width>
					<aspectratio>keep</aspectratio>
					<texture>point0.png</texture>
					<animation effect="fade" start="100" end="50" condition="!Control.HasFocus(50)">Conditional</animation>
					<visible>Container(50).Position(7)</visible>
				</control>
			</focusedlayout>
		</control>
		<control type="scrollbar" id="60">
			<animation effect="fade" start="120" end="-30" time="500" delay="50" condition="!Control.HasFocus(60)">Conditional</animation>
			<top>110</top>
			<left>840</left>
			<width>75</width>
			<height>545</height>
			<texturesliderbackground>scroll.png</texturesliderbackground>
			<textureslidernibfocus>scrollfo.png</textureslidernibfocus>
			<showonepage>true</showonepage>
			<onleft>50</onleft>
			<onright>9000</onright>
		</control>
		
		<control type="button" id="100">
			<description>Left Up</description>
			<top>105</top>
			<left>0</left>
			<width>135</width>
			<height>283</height>
			<texturefocus>buttons/LeftUpFo.png</texturefocus>
			<texturenofocus>buttons/LeftUp.png</texturenofocus>
			<align>left</align>
			<aligny></aligny>
			<font>60</font>
			<textcolor>ffb87e53</textcolor>
			<focusedcolor>ffed6504</focusedcolor>
			<textwidth>300</textwidth>
			<textoffsetx>20</textoffsetx>
			<textoffsety>-95</textoffsety>
			<label>$LOCALIZE[40009]</label>
			<onclick>Back</onclick>
			<onup>-</onup>
			<ondown>-</ondown>
			<onleft>Back</onleft>
			<onright>50</onright>
		</control>
	</include>
</includes>
