<?xml version="1.0" encoding="UTF-8"?>
<includes>
	<include name="View_50_List">
		<control type="list" id="50">
			<left>57</left>
			<top>85</top>
			<width>930</width>
			<height>577</height>
			<align>top</align>
			<scroll>true</scroll>
			<pagecontrol>60</pagecontrol>
			<onup>50</onup>
			<ondown>50</ondown>
			<!-- <onleft></onleft> -->
			<onright>60</onright>
			<description>Нет фокуса</description>
			<itemlayout height="75">
				<control type="image">
					<width>910</width>
					<height>65</height>
					<texture>button.png</texture>
				</control>
				<control type="image">
					<left>0</left>
					<top>0</top>
					<width>45</width>
					<height>65</height>
					<aspectratio>keep</aspectratio>
					<texture>$INFO[Listitem.Icon]</texture>
				</control>
				<control type="label">
					<left>65</left>
					<top>0</top>
					<!-- <width>910</width> -->
					<width>670</width>
					<height>65</height>
					<align>left</align>
					<aligny>center</aligny>
					<textcolor>Color1</textcolor>
					<selectedcolor>Color4</selectedcolor>
					<font>50</font>
					<info>ListItem.Label</info>
				</control>
				<control type="label">
					<left>730</left>
					<top>0</top>
					<width>140</width>
					<height>65</height>
					<align>right</align>
					<aligny>center</aligny>
					<textcolor>Color1</textcolor>
					<selectedcolor>Color4</selectedcolor>
					<font>30</font>
					<info>ListItem.Label2</info>
				</control>
				<description>Маркер продолжить</description>
				<control type="image">
					<top>14</top>
					<left>865</left>
					<width>45</width>
					<height>45</height>
					<aspectratio aligny="top">keep</aspectratio>
					<texture>Watched.png</texture>
					<visible>ListItem.IsResumable</visible>
				</control>
				<description>Маркер просмотренное</description>
				<control type="image">
					<top>14</top>
					<left>865</left>
					<width>45</width>
					<height>45</height>
					<aspectratio aligny="top">keep</aspectratio>
					<texture>$INFO[ListItem.Overlay]</texture>
				</control>
			</itemlayout>
			<description>В фокусе</description>
			<focusedlayout height="75">
				<control type="image">
					<width>910</width>
					<height>65</height>
					<texture>button-focus.png</texture>
				</control>
				<control type="image">
					<left>0</left>
					<top>0</top>
					<width>45</width>
					<height>65</height>
					<aspectratio>keep</aspectratio>
					<texture>$INFO[Listitem.Icon]</texture>
				</control>
				<control type="label">
					<left>65</left>
					<top>0</top>
					<!-- <width>910</width> -->
					<width>670</width>
					<height>65</height>
					<align>left</align>
					<textcolor>Color2</textcolor>
					<selectedcolor>Color2</selectedcolor>
					<font>50</font>
					<label>$INFO[ListItem.Label]   </label>
					<scroll>true</scroll>
				</control>
				 <control type="label">
					<left>730</left>
					<top>0</top>
					<width>140</width>
					<height>65</height>
					<align>right</align>
					<aligny>center</aligny>
					<textcolor>Color2</textcolor>
					<selectedcolor>Color2</selectedcolor>
					<font>30</font>
					<info>ListItem.Label2</info>
					<scroll>true</scroll>
				</control>
				<description>Маркер продолжить</description>
				<control type="image">
					<top>14</top>
					<left>865</left>
					<width>45</width>
					<height>45</height>
					<aspectratio aligny="top">keep</aspectratio>
					<texture>Watched.png</texture>
					<visible>ListItem.IsResumable</visible>
				</control>
				<description>Маркер просмотренное</description>
				<control type="image">
					<top>14</top>
					<left>865</left>
					<width>45</width>
					<height>45</height>
					<aspectratio aligny="top">keep</aspectratio>
					<texture>$INFO[ListItem.Overlay]</texture>
				</control>
			</focusedlayout>
		</control>
		<control type="scrollbar" id="60">
			<top>65</top>
			<left>990</left>
			<width>20</width>
			<height>620</height>
			<texturesliderbackground>buttons/scrollbar-nib-nofocus.png</texturesliderbackground>
			<textureslidernib>button.png</textureslidernib>
			<textureslidernibfocus>button-focus.png</textureslidernibfocus>
			<showonepage>true</showonepage>
			<orientation>vertical</orientation>
			<onleft>50</onleft>
			<!-- <onright>50</onright> -->
		</control>
	</include>
</includes>
