<?xml version="1.0" encoding="UTF-8"?>
<window>
	<visible>VideoPlayer.IsFullscreen</visible>
	<visible>Player.Seeking | Player.DisplayAfterSeek | Player.Paused | Player.Forwarding | Player.Rewinding | Player.ShowTime | Player.IsTempo</visible>
	<animation effect="fade" start="0" end="100" time="150">WindowOpen</animation>
	<animation effect="fade" start="100" end="0" time="150">WindowClose</animation>
	<controls>
		<include>framemini</include>
		<control type="label">
			<description>Информация о файле и время просмотра</description>
			<left>40</left>
			<top>110</top>
			<width>940</width>
			<align>center</align>
			<label>$INFO[VideoPlayer.Title]</label>
		</control>
		<control type="label">
			<description>Информация о файле и время просмотра</description>
			<left>40</left>
			<top>170</top>
			<width>940</width>
			<align>center</align>
			<label>$INFO[VideoPlayer.Time] $INFO[Player.Duration,[COLOR=Color4] / [/COLOR]]</label>
		</control>
		<control type="progress" id="32">
			<description>Progress Barr</description>
			<info>Player.Progress</info>
		</control>
	</controls>
</window>
