<?xml version="1.0" encoding="UTF-8"?>
<window>
	<defaultcontrol>3</defaultcontrol>
	<controls>
		<include>framemax</include>
		<include>select</include>
 		<control type="label" id="14">
			<description>Default Label</description>
			<label/>
			<align>center</align>
		</control>
		<control type="label">
			<left>50</left>
			<top>15</top>
			<width>925</width>
			<height>40</height>
			<font>40</font>
			<label>$LOCALIZE[10016]</label>
			<textcolor>Color4</textcolor>
			<align>center</align>
		</control>
		<control type="grouplist" id="3">
			<description>Левая панель</description>
			<left>57</left>
			<top>85</top>
			<width>247</width>
			<height>520</height>
			<orientation>vertical</orientation>
			<itemgap>10</itemgap>
			<align>top</align>
			<onleft>5</onleft>
			<onright>5</onright>
			<onup>3</onup>
			<ondown>20</ondown>
		</control>

		<control type="button" id="20">
			<description>Setting level button</description>
			<left>57</left>
			<top>597</top>
			<width>247</width>
			<font>40</font>
			<label>$LOCALIZE[10037]</label>
			<onup>3</onup>
			<ondown>3</ondown>
			<onleft>5</onleft>
			<onright>5</onright>
			<onclick>SettingsLevelChange</onclick>
		</control>

		<control type="grouplist" id="5">
			<description>Правая панель</description>
			<left>312</left>
			<top>85</top>
			<width>656</width>
			<height>580</height>
			<orientation>vertical</orientation>
			<itemgap>10</itemgap>
			<align>top</align>
			<onleft>3</onleft>
			<onright>60</onright>
			<onup>5</onup>
			<ondown>5</ondown>
		</control>
		
		<control type="button" id="10">
		</control>
		<control type="button" id="7">
		</control>
		<control type="radiobutton" id="8">
		</control>
		<control type="spincontrolex" id="9">
		</control>
	</controls>
</window>
