<?xml version="1.0" encoding="UTF-8"?>
<!-- Foundation -->
<window id="1202">
	<defaultcontrol always="true">122</defaultcontrol>
	<allowoverlay>yes</allowoverlay>
	<controls>
		<include>framemax</include>
		<include>select</include>
	<!-- 	<include>canbus</include> -->
		<control type="label">
			<left>49</left>
			<top>0</top>
			<width>925</width>
			<height>65</height>
			<font>50</font>
			<align>left</align>
			<label>$LOCALIZE[40050] #2</label>
		</control>
		<control type="label">
			<left>580</left>
			<top>0</top>
			<width>925</width>
			<height>65</height>
			<font>40</font>
			<align>left</align>
			<label>$LOCALIZE[40024]</label>
		</control>
		<control type="label">
			<left>760</left>
			<top>0</top>
			<width>925</width>
			<height>65</height>
			<font>40</font>
			<align>left</align>
			<label>$LOCALIZE[209]</label>
		</control>

		<control type="group">
			<top>20</top>		
			<description>TIMING BELT</description>
			<control type="grouplist">
				<top>80</top>
				<left>57</left>
				<width>900</width>
				<height>580</height>
				<itemgap>10</itemgap>
				<orientation>horizontal</orientation>
				<align>top</align>
				<onup>ActivateWindow(1201)</onup>
				<ondown>125</ondown>
				<control type="button" id="122">
					<width>480</width>
					<label>$LOCALIZE[40058]</label>
				</control>
				<control type="button" id="123">
					<width>200</width>
					<align>center</align>
					<label>$INFO[Skin.String(timing_belt)]</label>
					<onclick>Skin.SetNumeric(timing_belt)</onclick>
				</control>
				<control type="button" id="124">
					<width>200</width>
					<align>center</align>
					<label>$INFO[Skin.String(timing_belt2)]</label>
					<onclick>Skin.SetNumeric(timing_belt2)</onclick>
				</control>
			</control>

			<description>GENERATOR BELT</description>
			<control type="grouplist">
				<top>160</top>
				<left>57</left>
				<width>900</width>
				<height>580</height>
				<itemgap>10</itemgap>
				<orientation>horizontal</orientation>
				<align>top</align>
				<onup>122</onup>
				<ondown>128</ondown>
				<control type="button" id="125">
					<width>480</width>
					<label>$LOCALIZE[40061]</label>
				</control>
				<control type="button" id="126">
					<width>200</width>
					<align>center</align>
					<label>$INFO[Skin.String(generator_belt)]</label>
					<onclick>Skin.SetNumeric(generator_belt)</onclick>
				</control>
				<control type="button" id="127">
					<width>200</width>
					<align>center</align>
					<label>$INFO[Skin.String(generator_belt2)]</label>
					<onclick>Skin.SetNumeric(generator_belt2)</onclick>
				</control>
			</control>
			
			
			<description>CONDITIONER</description>
			<control type="grouplist">
				<top>240</top>
				<left>57</left>
				<width>900</width>
				<height>580</height>
				<itemgap>10</itemgap>
				<orientation>horizontal</orientation>
				<align>top</align>
				<onup>125</onup>
				<ondown>131</ondown>
				<control type="button" id="128">
					<width>480</width>
					<label>$LOCALIZE[40059]</label>
				</control>
				<control type="button" id="129">
					<width>200</width>
					<align>center</align>
					<label>$INFO[Skin.String(conditioner)]</label>
					<onclick>Skin.SetNumeric(conditioner)</onclick>
				</control>
				<control type="button" id="130">
					<width>200</width>
					<align>center</align>
					<label>$INFO[Skin.String(conditioner2)]</label>
					<onclick>Skin.SetNumeric(conditioner2)</onclick>
				</control>
			</control>

			<description>COOLANT</description>
			<control type="grouplist">
				<top>320</top>
				<left>57</left>
				<width>900</width>
				<height>580</height>
				<itemgap>10</itemgap>
				<orientation>horizontal</orientation>
				<align>top</align>
				<onup>128</onup>
				<ondown>134</ondown>
				<control type="button" id="131">
					<width>480</width>
					<label>$LOCALIZE[40060]</label>
				</control>
				<control type="button" id="132">
					<width>200</width>
					<align>center</align>
					<label>$INFO[Skin.String(coolant)]</label>
					<onclick>Skin.SetNumeric(coolant)</onclick>
				</control>
				<control type="button" id="133">
					<width>200</width>
					<align>center</align>
					<label>$INFO[Skin.String(coolant2)]</label>
					<onclick>Skin.SetNumeric(coolant2)</onclick>
				</control>
			</control>

			<description>-</description>
			<control type="grouplist">
				<top>400</top>
				<left>57</left>
				<width>900</width>
				<height>580</height>
				<itemgap>10</itemgap>
				<orientation>horizontal</orientation>
				<align>top</align>
				<onup>131</onup>
				<ondown>137</ondown>
				<control type="button" id="134">
					<width>480</width>
					<label>-</label>
				</control>
				<control type="button" id="135">
					<width>200</width>
					<align>center</align>
					<label>$INFO[Skin.String(name)]</label>
					<onclick>Skin.SetNumeric(name)</onclick>
				</control>
				<control type="button" id="136">
					<width>200</width>
					<align>center</align>
					<label>$INFO[Skin.String(name2)]</label>
					<onclick>Skin.SetNumeric(name2)</onclick>
				</control>
			</control>
			
			<description>-</description>
			<control type="grouplist">
				<top>480</top>
				<left>57</left>
				<width>900</width>
				<height>580</height>
				<itemgap>10</itemgap>
				<orientation>horizontal</orientation>
				<align>top</align>
				<onup>134</onup>
				<ondown>140</ondown>
				<control type="button" id="137">
					<width>480</width>
					<label>-</label>
				</control>
				<control type="button" id="138">
					<width>200</width>
					<align>center</align>
					<label>$INFO[Skin.String(name)]</label>
					<onclick>Skin.SetNumeric(name)</onclick>
				</control>
				<control type="button" id="139">
					<width>200</width>
					<align>center</align>
					<label>$INFO[Skin.String(name2)]</label>
					<onclick>Skin.SetNumeric(name2)</onclick>
				</control>
			</control>
			
			<description>-</description>
			<control type="grouplist">
				<top>560</top>
				<left>57</left>
				<width>900</width>
				<height>580</height>
				<itemgap>10</itemgap>
				<orientation>horizontal</orientation>
				<align>top</align>
				<onup>137</onup>
				<ondown>-</ondown>
				<control type="button" id="140">
					<width>480</width>
					<label>-</label>
				</control>
				<control type="button" id="141">
					<width>200</width>
					<align>center</align>
					<label>$INFO[Skin.String(name)]</label>
					<onclick>Skin.SetNumeric(name)</onclick>
				</control>
				<control type="button" id="142">
					<width>200</width>
					<align>center</align>
					<label>$INFO[Skin.String(name2)]</label>
					<onclick>Skin.SetNumeric(name2)</onclick>
				</control>
			</control>








		</control>
	</controls>
</window>