<?xml version="1.0" encoding="UTF-8"?>
<!-- Foundation -->
<window id="1101">
	<defaultcontrol always="true">30</defaultcontrol>
	<controls>
		<include>background</include>
		<include>framemax</include>
		<include>select</include>
		<control type="textbox">
			<left>49</left>
			<top>10</top>
			<width>925</width>
			<height>65</height>
			<font>40</font>
			<align>center</align>
			<label>$LOCALIZE[40001]  </label>
		</control>
		<control type="grouplist" id="31">
			<top>85</top>
			<left>370</left>
			<width>600</width>
			<height>600</height>
			<align>top</align>
			<orientation>vertical</orientation>
			<itemgap>10</itemgap>
			<control type="label">
				<description>RNSD KEY status</description>
				<width>600</width>
				<align>left</align>
				<radioposx>530</radioposx>
				<textwidth>540</textwidth>
				<label>345# $INFO[Window(10000).Property(345)]</label>
			</control>
			<control type="label">
				<description>RNSD SPEED</description>
				<width>600</width>
				<align>left</align>
				<radioposx>530</radioposx>
				<textwidth>540</textwidth>
				<label>346# $INFO[Window(10000).Property(346)]</label>
			</control>
			<control type="label">
				<description>RNSD RPM</description>
				<width>600</width>
				<align>left</align>
				<radioposx>530</radioposx>
				<textwidth>540</textwidth>
				<label>347# $INFO[Window(10000).Property(347)]</label>
			</control>
			<control type="label">
				<description>RNSE SPEED</description>
				<width>600</width>
				<align>left</align>
				<radioposx>530</radioposx>
				<textwidth>540</textwidth>
				<label>351# $INFO[Window(10000).Property(351)]</label>
			</control>
			<control type="label">
				<description>RNSE RPM</description>
				<width>600</width>
				<align>left</align>
				<radioposx>530</radioposx>
				<textwidth>540</textwidth>
				<label>353# $INFO[Window(10000).Property(353)]</label>
			</control>
			<control type="label">
				<description>RNSE KEY status</description>
				<width>600</width>
				<align>left</align>
				<radioposx>530</radioposx>
				<textwidth>540</textwidth>
				<label>271# $INFO[Window(10000).Property(271)]</label>
			</control>
			<!-- <control type="label">
				<description>Time</description>
				<width>600</width>
				<align>left</align>
				<radioposx>530</radioposx>
				<textwidth>540</textwidth>
				<label>623# $INFO[Window(10000).Property(623)]</label>
			</control> -->
			<control type="label">
				<description>MFSW 5C0</description>
				<width>600</width>
				<align>left</align>
				<radioposx>530</radioposx>
				<textwidth>540</textwidth>
				<label>5C0# $INFO[Window(10000).Property(5C0)]</label>
			</control>
			<control type="label">
				<description>MFSW 5C3</description>
				<width>600</width>
				<align>left</align>
				<radioposx>530</radioposx>
				<textwidth>540</textwidth>
				<label>5C3# $INFO[Window(10000).Property(5C3)]</label>
			</control>
		</control>
		<control type="button" id="30">
			<left>440</left>
			<top>655</top>
			<width>145</width> 
			<height>145</height>
			<texturefocus>select-buttonFO.png</texturefocus>
			<texturenofocus>select-button.png</texturenofocus>
			<onclick>ActivateWindow(1100)</onclick>
			<onleft>ActivateWindow(1100)</onleft>
		</control>
		
	</controls>
</window>
