<?xml version="1.0" encoding="UTF-8"?>
<window>
	<defaultcontrol always="true">21</defaultcontrol>
	<controls>
		<include>background</include>
		<include>framemax</include>
		<include>select</include>
		<control type="image">
			<description>Левая линия</description>
			<left>310</left>
			<top>70 </top>
			<width>5</width> 
			<height>610</height> 
			<texture>button-focus.png</texture>
		</control>
		<control type="image">
			<description>Правая линия</description>
			<left>700</left>
			<top>70 </top>
			<width>5</width> 
			<height>610</height> 
			<texture>button-focus.png</texture>
		</control>
		<control type="label" id="1">
			<description>Заголовок</description>
			<top>100</top>
			<left>0</left>
			<width>1024</width>
			<height>65</height>
			<font>50</font>
			<align>center</align>
			<aligny>center</aligny>
			<wrapmultiline>true</wrapmultiline>
		</control>
		<control type="image">
			<left>360</left>
			<top>195</top>
			<width>300</width>
			<height>65</height>
			<aspectratio>stretch</aspectratio>
			<texture>button.png</texture>
		</control>
		<control type="label" id="4">
			<description>Edit Text</description>
			<left>350</left>
			<top>195</top>
			<width>340</width>
			<height>65</height>
			<textcolor>Color4</textcolor>
			<disabledcolor>gray</disabledcolor>
			<align>center</align>
		</control>
		<control type="group">
			<left>0</left>
			<top>270</top>
			<control type="grouplist" id="1">
				<top>0</top>
				<itemgap>5</itemgap>
				<orientation>horizontal</orientation>
				<!-- <onup>5</onup>
				<ondown>2</ondown> -->
				<control type="button" id="23">
					<description>Backspace button</description>
					<width>150</width>
					<height>65</height>
					<font>30</font>
					<align>center</align>
					<label>20181</label>
					<onup>22</onup>
					<ondown>21</ondown>
				</control>
				<control type="button" id="21">
					<description>Done button</description>
					<width>150</width>
					<height>65</height>
					<font>30</font>
					<align>center</align>
					<label>20177</label>
					<onup>23</onup>
					<ondown>11</ondown>
				</control>	
			</control>
			<!-- 1st row -->
			<control type="grouplist" id="2">
				<top>80</top>
				<itemgap>5</itemgap>
				<orientation>horizontal</orientation>
				<!-- <onup>1</onup>
				<ondown>3</ondown> -->
				<control type="button" id="11">
					<description>1 button</description>
					<width>70</width>
					<height>70</height>
					<font>70</font>
					<align>center</align>
					<label>12311</label>
					<onup>21</onup>
					<ondown>12</ondown>
				</control>
				<control type="button" id="12">
					<description>2 button</description>
					<width>70</width>
					<height>70</height>
					<font>70</font>
					<align>center</align>
					<label>12312</label>
					<onup>11</onup>
					<ondown>13</ondown>
				</control>
				<control type="button" id="13">
					<description>3 button</description>
					<width>70</width>
					<height>70</height>
					<font>70</font>
					<align>center</align>
					<label>12313</label>
					<onup>12</onup>
					<ondown>14</ondown>
				</control>
			</control>
			<!-- 2st row -->
			<control type="grouplist" id="3">
				<top>160</top>
				<itemgap>5</itemgap>
				<orientation>horizontal</orientation>
				<!-- <onup>2</onup>
				<ondown>4</ondown> -->
				<control type="button" id="14">
					<description>4 button</description>
					<width>70</width>
					<height>70</height>
					<font>70</font>
					<align>center</align>
					<label>12314</label>
					<onup>13</onup>
					<ondown>15</ondown>
				</control>
				<control type="button" id="15">
					<description>5 button</description>
					<width>70</width>
					<height>70</height>
					<font>70</font>
					<align>center</align>
					<label>12315</label>
					<onup>14</onup>
					<ondown>16</ondown>
				</control>
				<control type="button" id="16">
					<description>6 button</description>
					<width>70</width>
					<height>70</height>
					<font>70</font>
					<align>center</align>
					<label>12316</label>
					<onup>15</onup>
					<ondown>17</ondown>
				</control>
			</control>
			<!-- 3rd row -->
			<control type="grouplist" id="4">
				<top>240</top>
				<orientation>horizontal</orientation>
				<itemgap>5</itemgap>
				<!-- <onup>3</onup>
				<ondown>5</ondown> -->
				<control type="button" id="17">
					<description>7 button</description>
					<width>70</width>
					<height>70</height>
					<font>70</font>
					<align>center</align>
					<label>12317</label>
					<onup>16</onup>
					<ondown>18</ondown>
				</control>
				<control type="button" id="18">
					<description>8 button</description>
					<width>70</width>
					<height>70</height>
					<font>70</font>
					<align>center</align>
					<label>12318</label>
					<onup>17</onup>
					<ondown>19</ondown>
				</control>
				<control type="button" id="19">
					<description>9 button</description>
					<width>70</width>
					<height>70</height>
					<font>70</font>
					<align>center</align>
					<label>12319</label>
					<onup>18</onup>
					<ondown>20</ondown>
				</control>
			</control>
			<!-- 4th row -->
			<control type="grouplist" id="5">
				<top>320</top>
				<itemgap>5</itemgap>
				<!-- <onup>4</onup>
				<ondown>1</ondown> -->
				<orientation>horizontal</orientation>
				<control type="button" id="20">
					<description>prev button</description>
					<width>70</width>
					<height>70</height>
					<font>70</font>
					<align>center</align>
					<label>&lt;</label>
					<onup>19</onup>
					<ondown>10</ondown>
				</control>
				<control type="button" id="10">
					<description>0 button</description>
					<width>70</width>
					<height>70</height>
					<font>70</font>
					<align>center</align>
					<label>12310</label>
					<onup>20</onup>
					<ondown>22</ondown>
				</control>
				<control type="button" id="22">
					<description>next button</description>
					<width>70</width>
					<height>70</height>
					<font>70</font>
					<align>center</align>
					<label>&gt;</label>
					<onup>10</onup>
					<ondown>23</ondown>
				</control>
			</control>
		</control>
	</controls>
</window>
