<?xml version="1.0" encoding="UTF-8"?>
<window>
	<defaultcontrol always="true">300</defaultcontrol>
	<controls>
		<include>background</include>
		<include>framemax</include>
		<control type="group">
			<visible>!Window.IsVisible(numericinput)</visible>
			<control type="group">
				<left>0</left>
				<top>0</top>
				<visible>Control.IsVisible(313)</visible>
				<control type="label" id="313">
					<description>HZCODE label</description>
					<left>55</left>
					<top>18</top>
					<width>50</width>
					<height>20</height>
					<textcolor>Color2</textcolor>
					<font>30</font>
					<align>center</align>
					<aligny>center</aligny>
				</control>
				<control type="label" id="314">
					<description>HZLIST label</description>
					<left>55</left>
					<top>55</top>
					<width>50</width>
					<height>20</height>
					<textcolor>Color2</textcolor>
					<font>30</font>
					<align>center</align>
					<aligny>center</aligny>
				</control>
			</control>
			<control type="edit" id="312">
				<description>Edit Text</description>
				<left>55</left>
				<top>100</top>
				<width>910</width>
				<height>65</height>
				<font>40</font>
				<aligny>center</aligny>
				<textcolor>Color1</textcolor>
				<focusedcolor>Color2</focusedcolor>
				<selectedcolor>Color4</selectedcolor>
				<disabledcolor>gray</disabledcolor>
				<texturefocus>button-focus.png</texturefocus>
				<texturenofocus>button.png</texturenofocus>
				<pulseonselect>false</pulseonselect>
				<onup>32</onup>
				<ondown>1</ondown>
				<onleft>32</onleft>
				<onright>1</onright>
			</control>

			<control type="group">
				<left>0</left>
				<top>160</top>
				<!-- 1st row -->
				<control type="grouplist" id="1">
					<onup>312</onup>
					<ondown>2</ondown>
					<onleft>312</onleft>
					<onright>2</onright>
					<top>40</top>
					<itemgap>5</itemgap>
					<orientation>horizontal</orientation>
					<control type="button" id="100">
						<width>65</width>
						<font>50</font>
 						<align>center</align>
						<onup>312</onup>
						<ondown>304</ondown>
					</control>
					<control type="button" id="101">
						<description>(0,1) key button</description>
						<width>65</width>
						<align>center</align>
						<onup>312</onup>
						<ondown>120</ondown>
					</control>
					<control type="button" id="102">
						<description>(0,2) key button</description>
						<width>65</width>
						<align>center</align>
						<onup>312</onup>
						<ondown>121</ondown>
					</control>
					<control type="button" id="103">
						<description>(0,3) key button</description>
						<width>65</width>
						<align>center</align>
						<onup>312</onup>
						<ondown>122</ondown>
					</control>
					<control type="button" id="104">
						<width>65</width>
						<align>center</align>
						<onup>312</onup>
						<ondown>123</ondown>
					</control>
					<control type="button" id="105">
						<description>(0,5) key button</description>
						<width>65</width>
						<align>center</align>
						<onup>312</onup>
						<ondown>124</ondown>
					</control>
					<control type="button" id="106">
						<description>(0,6) key button</description>
						<width>65</width>
						<align>center</align>
						<onup>312</onup>
						<ondown>125</ondown>
					</control>
					<control type="button" id="107">
						<description>(0,7) key button</description>
						<width>65</width>
						<align>center</align>
						<onup>312</onup>
						<ondown>126</ondown>
					</control>
					<control type="button" id="108">
						<description>(0,8) key button</description>
						<width>65</width>
						<align>center</align>
						<onup>312</onup>
						<ondown>127</ondown>
					</control>
					<control type="button" id="109">
						<description>(0,9) key button</description>
						<width>65</width>
						<align>center</align>
						<onup>312</onup>
						<ondown>128</ondown>
					</control>
					<control type="button" id="110">
						<description>(0,10) key button</description>
						<width>65</width>
						<align>center</align>
						<onup>312</onup>
						<ondown>129</ondown>
					</control>
					 <control type="button" id="8">
                        <description>BACKSPACE button</description>
                        <width>135</width>
                        <!-- <label>20181</label> -->
						<label>BACKSPACE</label>
						<font>20</font>
                        <align>center</align>
                        <aligny>center</aligny>
                        <onup>312</onup>
                        <ondown>130</ondown>
                    </control>
				</control>
				<!-- 2nd row -->
				<control type="grouplist" id="2">
					<orientation>horizontal</orientation>
					<top>120</top>
					<itemgap>5</itemgap>
					<onup>312</onup>
					<ondown>3</ondown>
					<onleft>1</onleft>
					<onright>3</onright>
					<control type="radiobutton" id="304">
						<description>Symbols button</description>
						<width>65</width>
						<label>@#!*</label>
						<textcolor>Color1</textcolor>
						<focusedcolor>Color2</focusedcolor>
						<textoffsetx>0</textoffsetx>
						<texturenofocus>button.png</texturenofocus>
						<texturefocus>button-focus.png</texturefocus>
						<radiowidth>30</radiowidth>
						<radioheight>30</radioheight>
						<radioposx>20</radioposx>
						<radioposy>40</radioposy>
						<align>center</align>
						<aligny>center</aligny>
						<font>30</font>
						<onup>100</onup>
						<ondown>140</ondown>
					</control>
					
					<control type="button" id="120">
						<description>key button (Q)</description>
						<width>65</width>
						<align>center</align>
						<onup>101</onup>
						<ondown>141</ondown>
					</control>
					<control type="button" id="121">
						<description>key button (W)</description>
						<width>65</width>
						<align>center</align>
						<onup>102</onup>
						<ondown>142</ondown>
					</control>
					<control type="button" id="122">
						<description>(1,2) key button</description>
						<width>65</width>
						<align>center</align>
						<onup>103</onup>
						<ondown>143</ondown>
					</control>
					<control type="button" id="123">
						<description>(1,3) key button</description>
						<width>65</width>
						<align>center</align>
						<onup>104</onup>
						<ondown>144</ondown>
					</control>
					<control type="button" id="124">
						<description>(1,4) key button</description>
						<width>65</width>
						<align>center</align>
						<onup>105</onup>
						<ondown>145</ondown>
					</control>
					<control type="button" id="125">
						<description>(1,5) key button</description>
						<width>65</width>
						<align>center</align>
						<onup>106</onup>
						<ondown>146</ondown>
					</control>
					<control type="button" id="126">
						<description>(1,6) key button</description>
						<width>65</width>
						<align>center</align>
						<onup>107</onup>
						<ondown>147</ondown>
					</control>
					<control type="button" id="127">
						<description>(1,7) key button</description>
						<width>65</width>
						<align>center</align>
						<onup>108</onup>
						<ondown>148</ondown>
					</control>
					<control type="button" id="128">
						<description>(1,8) key button</description>
						<width>65</width>
						<align>center</align>
						<onup>109</onup>
						<ondown>149</ondown>
					</control>
					<control type="button" id="129">
						<description>(1,9) key button</description>
						<width>65</width>
						<align>center</align>
						<onup>110</onup>
						<ondown>150</ondown>
					</control>
					<control type="button" id="130">
						<description>(1,10) key button</description>
						<width>65</width>
						<align>center</align>
						<onup>8</onup>
						<ondown>300</ondown>
					</control>
					<control type="button" id="131">
						<description>(1,11) key button</description>
						<width>65</width>
						<align>center</align>
						<onup>8</onup>
						<ondown>300</ondown>
					</control>
				</control>
				<!-- 3rd row -->
				<control type="grouplist" id="3">
					<top>200</top>
					<onup>2</onup>
					<ondown>4</ondown>
					<onleft>2</onleft>
					<onright>4</onright>
					<orientation>horizontal</orientation>
					<itemgap>5</itemgap>
					<control type="button" id="140">
						<description>(2,0) key button</description>
						<width>65</width>
						<align>center</align>
						<onup>304</onup>
						<ondown>303</ondown>
					</control>
					<control type="button" id="141">
						<description>(2,1) key button</description>
						<width>65</width>
						<align>center</align>
						<onup>120</onup>
						<ondown>302</ondown>
					</control>
					<control type="button" id="142">
						<description>(2,2) key button</description>
						<width>65</width>
						<align>center</align>
						<onup>121</onup>
						<ondown>160</ondown>
					</control>
					<control type="button" id="143">
						<description>(2,3) key button</description>
						<width>65</width>
						<align>center</align>
						<onup>122</onup>
						<ondown>161</ondown>
					</control>
					<control type="button" id="144">
						<description>(2,4) key button</description>
						<width>65</width>
						<align>center</align>
						<onup>123</onup>
						<ondown>162</ondown>
					</control>
					<control type="button" id="145">
						<description>(2,5) key button</description>
						<width>65</width>
						<align>center</align>
						<onup>124</onup>
						<ondown>163</ondown>
					</control>
					<control type="button" id="146">
						<description>(2,6) key button</description>
						<width>65</width>
						<align>center</align>
						<onup>125</onup>
						<ondown>164</ondown>
					</control>
					<control type="button" id="147">
						<description>(2,7) key button</description>
						<width>65</width>
						<align>center</align>
						<onup>126</onup>
						<ondown>165</ondown>
					</control>
					<control type="button" id="148">
						<description>(2,8) key button</description>
						<width>65</width>
						<align>center</align>
						<onup>127</onup>
						<ondown>166</ondown>
					</control>
					<control type="button" id="149">
						<description>(2,9) key button</description>
						<width>65</width>
						<align>center</align>
						<onup>128</onup>
						<ondown>167</ondown>
					</control>
					<control type="button" id="150">
						<description>(2,10) key button</description>
						<width>65</width>
						<align>center</align>
						<onup>129</onup>
						<ondown>168</ondown>
					</control>
					<control type="button" id="151">
						<description>(2,11) key button</description>
						<width>65</width>
						<align>center</align>
						<onup>150</onup>
						<ondown>302</ondown>
					</control>
					<control type="button" id="300">
						<description>DONE button</description>
						<width>135</width>
						<font>30</font>
						<align>center</align>
						<label>20177</label>
						<onup>131</onup>
						<ondown>307</ondown>
					</control>
				</control>
				<!-- 4th row -->
				<control type="grouplist" id="4">
					<top>280</top>
					<itemgap>5</itemgap>
					<onup>3</onup>
					<ondown>5</ondown>
					<onleft>3</onleft>
					<onright>5</onright>
					<orientation>horizontal</orientation>
					<control type="radiobutton" id="303">
						<description>CAPS</description>
						<width>65</width>
						<label>CAPS</label>
						<textcolor>Color1</textcolor>
						<focusedcolor>Color2</focusedcolor>
						<textoffsetx>0</textoffsetx>
						<texturenofocus>button.png</texturenofocus>
						<texturefocus>button-focus.png</texturefocus>
						<radiowidth>30</radiowidth>
						<radioheight>30</radioheight>
						<radioposx>20</radioposx>
						<radioposy>40</radioposy>
						<align>center</align>
						<aligny>center</aligny>
						<font>30</font>
						<onup>140</onup>
						<ondown>309</ondown>
					</control>
					<control type="radiobutton" id="302">
						<description>SHIFT button</description>
						<width>65</width>
						<textcolor>Color1</textcolor>
						<focusedcolor>Color2</focusedcolor>
						<selectedcolor>Color4</selectedcolor>
						<radiowidth>30</radiowidth>
						<radioheight>30</radioheight>
						<radioposx>20</radioposx>
						<radioposy>40</radioposy>
						<align>center</align>
						<aligny>center</aligny>
						<font>30</font>
						<label>20178</label>
						<onup>141</onup>
						<ondown>32</ondown>
					</control>
					<control type="button" id="160">
						<description>(3,0) key button</description>
						<width>65</width>
						<align>center</align>
						<onup>142</onup>
						<ondown>32</ondown>
					</control>
					<control type="button" id="161">
						<description>(3,1) key button</description>
						<width>65</width>
						<align>center</align>
						<onup>143</onup>
						<ondown>32</ondown>
					</control>
					<control type="button" id="162">
						<description>(3,2) key button</description>
						<width>65</width>
						<align>center</align>
						<onup>144</onup>
						<ondown>32</ondown>
					</control>
					<control type="button" id="163">
						<description>(3,3) key button</description>
						<width>65</width>
						<align>center</align>
						<onup>145</onup>
						<ondown>32</ondown>
					</control>
					<control type="button" id="164">
						<description>(3,4) key button</description>
						<width>65</width>
						<align>center</align>
						<onup>146</onup>
						<ondown>32</ondown>
					</control>
					<control type="button" id="165">
						<description>(3,5) key button</description>
						<width>65</width>
						<align>center</align>
						<onup>147</onup>
						<ondown>32</ondown>
					</control>
					<control type="button" id="166">
						<description>(3,6) key button</description>
						<width>65</width>
						<align>center</align>
						<onup>148</onup>
						<ondown>32</ondown>
					</control>
					<control type="button" id="167">
						<description>(3,7) key button</description>
						<width>65</width>
						<align>center</align>
						<onup>149</onup>
						<ondown>32</ondown>
					</control>
					<control type="button" id="168">
						<width>65</width>
						<align>center</align>
						<onup>150</onup>
						<ondown>305</ondown>
					</control>
					<control type="button" id="169">
						<description>(3,9) key button</description>
						<width>65</width>
						<height>65</height>
						<font>30</font>
						<align>center</align>
						<onup>300</onup>
						<ondown>305</ondown>
					</control>
					<control type="button" id="170">
						<description>(3,10) key button</description>
						<width>65</width>
						<height>65</height>
						<font>30</font>
						<align>center</align>
						<onup>169</onup>
						<ondown>171</ondown>
					</control>
					<control type="button" id="171">
						<description>(3,11) key button</description>
						<width>65</width>
						<height>65</height>
						<font>30</font>
						<align>center</align>
						<onup>170</onup>
						<ondown>305</ondown>
					</control>
					<control type="button" id="307">
						<description>IP Input button</description>
						<width>65</width>
						<label>IP</label>
						<align>center</align>
						<font>30</font>
						<onup>300</onup>
						<ondown>306</ondown>
					</control>
				</control>
				<!-- 5th row -->
				<control type="grouplist" id="5">
					<top>360</top>
					<itemgap>5</itemgap>
					<onup>4</onup>
					<ondown>1</ondown>
					<onleft>4</onleft>
					<onright>1</onright>
					<orientation>horizontal</orientation>
					<control type="button" id="309">
						<description>Language button</description>
						<height>65</height>
						<width>135</width>
						<textoffsetx>0</textoffsetx>
						<texturenofocus>button.png</texturenofocus>
						<texturefocus>button-focus.png</texturefocus>
						<textcolor>Color1</textcolor>
						<focusedcolor>Color2</focusedcolor>
						<selectedcolor>Color4</selectedcolor>
						<disabledcolor>gray</disabledcolor>
						<align>center</align>
						<aligny>center</aligny>
						<font>30</font>
						<label>20177</label>
						<onup>303</onup>
						<ondown>100</ondown>
					</control>
					<control type="button" id="32">
						<description>SPACE button</description>
						<width>625</width>
						<label>20182</label>
						<align>center</align>
						<onup>163</onup>
						<ondown>1</ondown>
					</control>
					<control type="button" id="305">
						<description>previous button</description>
						<width>65</width>
						<height>65</height>
						<label>&lt;</label>
						<font>30</font>
						<align>center</align>
						<onup>307</onup>
						<ondown>306</ondown>
					</control>
					<control type="button" id="306">
						<description>next button</description>
						<width>65</width>
						<height>65</height>
						<label>&gt;</label>
						<font>30</font>
						<align>center</align>
						<onup>307</onup>
						<ondown>1</ondown>
					</control>
				</control>
			</control>
		</control>
	</controls>
</window>
