﻿<?xml version="1.0" encoding="UTF-8"?>
<window>
	<controls>
		<include>notification</include>
		<control type="fadelabel" id="30">
			<top>35</top>
		</control>
		<control type="progress" id="32">
			<description>Progress Bar</description>
			<left>560</left>
			<top>90</top>
			<width>400</width>
			<height>30</height>
			<info>System.Progress</info>
		</control>
		<control type="label">
			<description>Строка состояния в %</description>
			<left>550</left>
			<top>35</top>
			<width>420</width>
			<height>65</height>
			<font>40</font>
			<textcolor>Color2</textcolor>
			<align>right</align>
			<label>$INFO[Control.GetLabel(32),%]</label>
		</control>
		<control type="label" id="31">
			<description>Title Label</description>
			<left>550</left>
			<top>110</top>
			<width>420</width>
			<height>65</height>
			<font>40</font>
			<textcolor>Color2</textcolor>
			<align>center</align>
			<aligny>center</aligny>
			<scroll>true</scroll>
		</control>
	</controls>
</window>