<?xml version="1.0" encoding="UTF-8"?>
<window id="10035">
	<defaultcontrol always="true">130</defaultcontrol>
	<allowoverlay>yes</allowoverlay>
	<controls>
		<include>background</include>
		<include>framehome</include>
		<include>line</include>
		<include>select</include>

		<control type="togglebutton" id="130">
			<description>Next</description>
			<left>300</left>
			<top>20</top>
			<height>65</height>
			<width>440</width>
			<font>60</font>
			<align>center</align>
			<label>Home Menu 1</label>
			<altlabel>Home Menu 2</altlabel>
			<onclick>Skin.ToggleSetting(home1)</onclick>
			<selected>!Skin.HasSetting(home1)</selected>
			<onclick condition="Skin.HasSetting(home1)">SetProperty(home1,true,10000)</onclick>
			<onclick condition="!Skin.HasSetting(home1)">SetProperty(home1,false,10000)</onclick>
		</control>
		
		<description>Левая группа кнопок</description>
		<control type="grouplist">
			<left>40</left>
			<top>405</top>
			<width>440</width>
			<height>310</height>
			<itemgap>10</itemgap>
			<orientation>vertical</orientation>
			<align>top</align>
			<control type="button">
				<description>Video</description>
				<height>65</height>
				<width>440</width>
				<font>60</font>
				<align>center</align>
				<label>$LOCALIZE[3]</label>
				<!-- <onclick>ActivateWindow(Videos,files,return)</onclick> -->
			</control>
			<control type="button">
				<description>Music</description>
				<height>65</height>
				<width>440</width>
				<font>60</font>
				<align>center</align>
				<label>$LOCALIZE[2]</label>
			</control>
			<control type="button">
				<description>/home/pi/movies</description>
				<visible>Skin.HasSetting(home1)</visible>
				<height>65</height>
				<width>440</width>
				<font>60</font>
				<align>center</align>
				<label>$LOCALIZE[342]</label>
				<!-- <onclick>ActivateWindow(Videos,/home/pi/movies,return)</onclick> -->
			</control>
			<control type="button">
				<description>Programs</description>
				<visible>!Skin.HasSetting(home1)</visible>
				<height>65</height>
				<width>440</width>
				<font>60</font>
				<align>center</align>
				<label>$LOCALIZE[0]</label>
				<!-- <onclick condition="!System.Platform.Android">ActivateWindow(Programs,Addons,return)</onclick>
				<onclick condition="System.Platform.Android">ActivateWindow(Programs)</onclick> -->
			</control>
		</control>
		
		<description>Правая группа кнопок</description>
 		<control type="grouplist">
			<left>544</left>
			<top>405</top>
			<width>440</width>
			<height>310</height>
			<itemgap>10</itemgap>
			<orientation>vertical</orientation>
			<align>top</align>
			<control type="button">
				<description>/home/pi/clips</description>
				<visible>Skin.HasSetting(home1)</visible>
				<height>65</height>
				<width>440</width>
				<font>60</font>
				<align>center</align>
				<label>$LOCALIZE[20389]</label>
				<!-- <onclick>ActivateWindow(Videos,/home/pi/clips,return)</onclick> -->
			</control>
			<control type="button">
				<description>Video Addons</description>
				<visible>!Skin.HasSetting(home1)</visible>
				<height>65</height>
				<width>440</width>
				<font>50</font>
				<align>center</align>
				<label>$LOCALIZE[1037]</label>
				<!-- <onclick>ActivateWindow(Videos,Addons,return)</onclick> -->
			</control>
			<control type="button">
				<description>/home/pi/mults</description>
				<visible>Skin.HasSetting(home1)</visible>
				<height>65</height>
				<width>440</width>
				<font>50</font>
				<align>center</align>
				<label>$LOCALIZE[19569]</label>
				<!-- <onclick>ActivateWindow(Videos,/home/pi/mults,return)</onclick> -->
				<visible>!System.HasPVRAddon</visible>
			</control>
			<control type="button">
				<description>Audio add-on</description>
				<visible>!Skin.HasSetting(home1)</visible>
				<height>65</height>
				<width>440</width>
				<font>50</font>
				<align>center</align>
				<label>$LOCALIZE[1038]</label>
				<!-- <onclick>ActivateWindow(Music,Addons,return)</onclick> -->
				<visible>!System.HasPVRAddon</visible>
			</control>
			<control type="button">
				<description>TV channel</description>
				<visible>System.HasPVRAddon</visible>
				<height>65</height>
				<width>440</width>
				<font>60</font>
				<align>center</align>
				<label>$LOCALIZE[10700]</label>
			<!-- 	<onclick>ActivateWindow(TVChannels)</onclick> -->
			</control>
			<control type="button">
				<description>Настройки</description>
				<height>65</height>
				<width>440</width>
				<font>60</font>
				<align>center</align>
				<label>$LOCALIZE[5]</label>
				<!-- <onclick>ActivateWindow(Settings)</onclick> -->
			</control>
		</control>
	</controls>
</window>
