<?xml version="1.0" encoding="UTF-8"?>
<!-- Foundation -->
<window id="1100">
	<visible>!Window.IsVisible(startup)</visible>
	<defaultcontrol always="true">11</defaultcontrol>
	<allowoverlay>yes</allowoverlay>
	<controls>
		<include>framemax</include>
		<include>select</include>
		<include>canbus</include>
		
		<description>Левая группа кнопок</description>
		<control type="grouplist"id="10">
			<top>85</top>
			<left>57</left>
			<width>300</width>
			<height>520</height>
			<itemgap>10</itemgap>
			<orientation>vertical</orientation>
			<align>top</align>
			<control type="button" id="11">
				<description>home menu settings</description>
				<height>65</height>
				<width>300</width>
				<font>50</font>
				<align>left</align>
				<label>$LOCALIZE[513]  </label>
				<onright>20</onright>
			</control>
			<control type="button" id="12">
				<description>CanBus monitor</description>
				<height>65</height>
				<width>300</width>
				<font>50</font>
				<align>left</align>
				<label>$LOCALIZE[40000]</label>
			</control>
			<control type="button" id="13">
				<description>Power status</description>
				<height>65</height>
				<width>300</width>
				<font>50</font>
				<align>left</align>
				<label>$LOCALIZE[33060]</label>
				<onright>40</onright>
			</control>
			<control type="button" id="14">
				<description>Emulation</description>
				<height>65</height>
				<width>300</width>
				<font>50</font>
				<align>left</align>
				<label>$LOCALIZE[40006]</label>
				<onright>50</onright>
			</control>
			<control type="button" id="15">
				<description>Control</description>
				<height>65</height>
				<width>300</width>
				<font>50</font>
				<align>left</align>
				<label>$LOCALIZE[14223]</label>
				<onright>60</onright>
			</control>
		</control>

		<control type="grouplist" id="20">
			<animation effect="fade" start="100" end="0" condition="!ControlGroup(20).HasFocus() + !Control.HasFocus(11)">Conditional</animation>
			<visible allowhiddenfocus="true">!Control.HasFocus(20)</visible>		
			<top>85</top>
			<left>370</left>
			<width>600</width>
			<height>520</height>
			<align>top</align>
			<orientation>vertical</orientation>
			<itemgap>10</itemgap>
			<onleft>11</onleft>
			<control type="radiobutton" id="21">
				<description>speed home</description>
				<width>600</width>
				<align>left</align>
				<radioposx>530</radioposx>
				<textwidth>540</textwidth>
				<label>$LOCALIZE[40016] </label>
				<onclick>Skin.ToggleSetting(speed.big)</onclick>
				<selected>!Skin.HasSetting(speed.big)</selected>
				<onclick condition="Skin.HasSetting(speed.big)">SetProperty(speed.big,true,10000)</onclick>
				<onclick condition="!Skin.HasSetting(speed.big)">SetProperty(speed.big,false,10000)</onclick>
			</control>
			<control type="radiobutton" id="22">
				<description>RPM</description>
				<width>600</width>
				<align>left</align>
				<radioposx>530</radioposx>
				<textwidth>540</textwidth>
				<label>$LOCALIZE[40022] </label>
				<onclick>Skin.ToggleSetting(rpm)</onclick>
				<selected>!Skin.HasSetting(rpm)</selected>
				<onclick condition="Skin.HasSetting(rpm)">SetProperty(rpm,true,10000)</onclick>
				<onclick condition="!Skin.HasSetting(rpm)">SetProperty(rpm,false,10000)</onclick>
			</control>
			<control type="radiobutton" id="23">
				<description>coolant</description>
				<width>600</width>
				<align>left</align>
				<radioposx>530</radioposx>
				<textwidth>540</textwidth>
				<label>$LOCALIZE[40021] </label>
				<onclick>Skin.ToggleSetting(coolant)</onclick>
				<selected>!Skin.HasSetting(coolant)</selected>
				<onclick condition="Skin.HasSetting(coolant)">SetProperty(coolant,true,10000)</onclick>
				<onclick condition="!Skin.HasSetting(coolant)">SetProperty(coolant,false,10000)</onclick>
			</control>
			<control type="radiobutton" id="24">
				<description>CPUTemperature</description>
				<width>600</width>
				<align>left</align>
				<radioposx>530</radioposx>
				<textwidth>540</textwidth>
				<label>$LOCALIZE[22011] </label>
				<onclick>Skin.ToggleSetting(CPUTemperature)</onclick>
				<selected>!Skin.HasSetting(CPUTemperature)</selected>
			</control>
			<control type="radiobutton" id="25">
				<description>ip</description>
				<width>600</width>
				<align>left</align>
				<radioposx>530</radioposx>
				<textwidth>540</textwidth>
				<label>$LOCALIZE[150]</label>
				<onclick>Skin.ToggleSetting(ip)</onclick>
				<selected>!Skin.HasSetting(ip)</selected>
			</control>
			<control type="radiobutton" id="26">
				<description>time</description>
				<width>600</width>
				<align>left</align>
				<radioposx>530</radioposx>
				<textwidth>540</textwidth>
				<label>$LOCALIZE[142]</label>
				<onclick>Skin.ToggleSetting(time)</onclick>
				<selected>!Skin.HasSetting(time)</selected>
			</control>
		</control>
		
		
		<control type="grouplist" id="30">
			<animation effect="fade" start="100" end="0" condition="!ControlGroup(30).HasFocus() + !Control.HasFocus(12)">Conditional</animation>
			<visible allowhiddenfocus="true">!Control.HasFocus(30)</visible>
			<top>85</top>
			<left>370</left>
			<width>600</width>
			<height>520</height>
			<align>top</align>
			<orientation>vertical</orientation>
			<itemgap>10</itemgap>
			<control type="label">
				<description>Time</description>
				<width>600</width>
				<align>left</align>
				<radioposx>530</radioposx>
				<textwidth>540</textwidth>
				<label>623# $INFO[Window(10000).Property(623)]</label>
			</control>
			<control type="label">
				<description>SPEED rnse</description>
				<width>600</width>
				<align>left</align>
				<radioposx>530</radioposx>
				<textwidth>540</textwidth>
				<label>346# $INFO[Window(10000).Property(346)]</label>
			</control>
			<control type="label">
				<description>RPM rnse</description>
				<width>600</width>
				<align>left</align>
				<radioposx>530</radioposx>
				<textwidth>540</textwidth>
				<label>347# $INFO[Window(10000).Property(347)]</label>
			</control>
			<control type="label">
				<description>RNSE navigation button</description>
				<width>600</width>
				<align>left</align>
				<radioposx>530</radioposx>
				<textwidth>540</textwidth>
				<label>464# $INFO[Window(10000).Property(464)]</label>
			</control>
			<control type="label">
				<description>MFSW 5C0</description>
				<width>600</width>
				<align>left</align>
				<radioposx>530</radioposx>
				<textwidth>540</textwidth>
				<label>5C0# $INFO[Window(10000).Property(5C0)]</label>
			</control>
			<control type="label">
				<description>MFSW 5C3</description>
				<width>600</width>
				<align>left</align>
				<radioposx>530</radioposx>
				<textwidth>540</textwidth>
				<label>5C3# $INFO[Window(10000).Property(5C3)]</label>
			</control>
		</control>
		
		<control type="grouplist" id="40">
			<animation effect="fade" start="100" end="0" condition="!ControlGroup(40).HasFocus() + !Control.HasFocus(13)">Conditional</animation>
			<visible allowhiddenfocus="true">!Control.HasFocus(40)</visible>
			<top>85</top>
			<left>370</left>
			<width>600</width>
			<height>520</height>
			<align>top</align>
			<orientation>vertical</orientation>
			<itemgap>10</itemgap>
			<onleft>13</onleft>
			<control type="button" id="42">
				<description>Reboot button</description>
				<width>600</width>
				<align>center</align>
				<label>13013</label>
				<onclick>Reset()</onclick>
			</control>
			<control type="button" id="43">
				<description>Shutdown</description>
				<width>600</width>
				<align>center</align>
				<label>13005</label>
				<onclick>Powerdown()</onclick>
			</control>
			<control type="label" id="44">
				<description>Monitor Key status</description>
				<left>45</left>
				<width>600</width>
				<height>40</height>
				<font>40</font>
				<align>center</align>
				<textcolor>88FFFFFF</textcolor>
				<label>$LOCALIZE[40012] | </label>
				<scroll>yes</scroll>
			</control>
			<control type="radiobutton" id="45">
				<description>keystatus_car</description>
				<width>600</width>
				<align>left</align>
				<radioposx>530</radioposx>
				<textwidth>540</textwidth>
				<label>$LOCALIZE[40013]</label>
				<onclick>Skin.ToggleSetting(keystatus_car)</onclick>
				<selected>!Skin.HasSetting(keystatus_car)</selected>
				<onclick condition="Skin.HasSetting(keystatus_car)">SetProperty(keystatus_car,true,10000)</onclick>
				<onclick condition="!Skin.HasSetting(keystatus_car)">SetProperty(keystatus_car,false,10000)</onclick>
			</control>
			
			<control type="label" id="46">
				<description>Monitor RNS power status</description>
				<left>45</left>
				<width>600</width>
				<height>40</height>
				<font>40</font>
				<align>center</align>
				<textcolor>88FFFFFF</textcolor>
				<label>$LOCALIZE[40014]</label>
			</control>
			<control type="radiobutton" id="47">
				<description>TFT OFF</description>
				<width>600</width>
				<align>left</align>
				<radioposx>530</radioposx>
				<textwidth>540</textwidth>
				<label>$LOCALIZE[40015]</label>
				<onclick>Skin.ToggleSetting(tftoff)</onclick>
				<selected>Skin.HasSetting(tftoff)</selected>
				<onclick condition="!Skin.HasSetting(tftoff)">SetProperty(tftoff,true,10000)</onclick>
				<onclick condition="Skin.HasSetting(tftoff)">SetProperty(tftoff,false,10000)</onclick>
			</control>
			<control type="label" id="48">
				<description>Действие при отслеживании статуса</description>
				<left>45</left>
				<width>600</width>
				<height>40</height>
				<font>40</font>
				<align>center</align>
				<textcolor>88FFFFFF</textcolor>
				<label>$LOCALIZE[40017] | </label>
				<scroll>yes</scroll>
			</control>
			<control type="togglebutton" id="49">
				<description>Действие при отслеживании статуса</description>
				<width>600</width>
				<height>65</height>
				<font>50</font>
				<label>$LOCALIZE[13013]</label>
				<altlabel>$LOCALIZE[13016]</altlabel>
				<onclick>Skin.ToggleSetting(poweroff)</onclick>
				<selected>!Skin.HasSetting(poweroff)</selected>
				<onclick condition="Skin.HasSetting(poweroff)">SetProperty(poweroff,true,10000)</onclick>
				<onclick condition="!Skin.HasSetting(poweroff)">SetProperty(poweroff,false,10000)</onclick>
			</control>		
		</control>		
		
		<control type="grouplist" id="50">
			<animation effect="fade" start="100" end="0" condition="!ControlGroup(50).HasFocus() + !Control.HasFocus(14)">Conditional</animation>
			<visible allowhiddenfocus="true">!Control.HasFocus(50)</visible>
			<top>85</top>
			<left>370</left>
			<width>600</width>
			<height>520</height>
			<align>top</align>
			<orientation>vertical</orientation>
			<itemgap>10</itemgap>
			<onleft>14</onleft>
<!-- 			<control type="radiobutton" id="51">
				<description>RNSE tvtuner</description>
				<visible>!System.HasAddon(skin.rnsd)</visible>
				<width>600</width>
				<align>left</align>
				<radioposx>530</radioposx>
				<textwidth>540</textwidth>
				<label>$LOCALIZE[350020] </label>
				<onclick>Skin.ToggleSetting(rnsetv)</onclick>
				<selected>!Skin.HasSetting(rnsetv)</selected>
				<onclick condition="Skin.HasSetting(rnsetv)">SetProperty(rnsetv,true,10000)</onclick>
				<onclick condition="!Skin.HasSetting(rnsetv)">SetProperty(rnsetv,false,10000)</onclick>
			</control> -->
			<control type="radiobutton" id="52">
				<!-- <visible>!System.HasAddon(skin.rnse)</visible> -->
				<description>RNSD TV-Tuner</description>
				<width>600</width>
				<align>left</align>
				<radioposx>530</radioposx>
				<textwidth>540</textwidth>
				<label>$LOCALIZE[40006] $LOCALIZE[40007] </label>
				<onclick>Skin.ToggleSetting(rnsdtv)</onclick>
				<selected>!Skin.HasSetting(rnsdtv)</selected>
				<onclick condition="Skin.HasSetting(rnsdtv)">SetProperty(rnsdtv,true,10000)</onclick>
				<onclick condition="!Skin.HasSetting(rnsdtv)">SetProperty(rnsdtv,false,10000)</onclick>
			</control>
			<control type="radiobutton" id="53">
				<!-- <visible>!System.HasAddon(skin.rnse)</visible> -->
				<description>RNSD TMC-Tuner</description>
				<width>600</width>
				<align>left</align>
				<radioposx>530</radioposx>
				<textwidth>540</textwidth>
				<label>$LOCALIZE[40006] $LOCALIZE[40008] </label>
				<onclick>Skin.ToggleSetting(tmc)</onclick>
				<selected>Skin.HasSetting(tmc)</selected>
				<onclick condition="!Skin.HasSetting(tmc)">SetProperty(tmc,true,10000)</onclick>
				<onclick condition="Skin.HasSetting(tmc)">SetProperty(tmc,false,10000)</onclick>
			</control>
		</control>

		<control type="grouplist" id="60">
			<animation effect="fade" start="100" end="0" condition="!ControlGroup(60).HasFocus() + !Control.HasFocus(15)">Conditional</animation>
			<visible allowhiddenfocus="true">!Control.HasFocus(50)</visible>
			<top>85</top>
			<left>370</left>
			<width>600</width>
			<height>520</height>
			<align>top</align>
			<orientation>vertical</orientation>
			<itemgap>10</itemgap>
			<onleft>15</onleft>
			<control type="label">
				<description>Disable / Allow Write to SD Card</description>
				<left>45</left>
				<width>600</width>
				<height>40</height>
				<font>40</font>
				<align>center</align>
				<scroll>yes</scroll>
				<textcolor>88FFFFFF</textcolor>
				<label>$LOCALIZE[40018] | </label>
			</control>
			<control type="button" id="62">
				<description>SD card Overlay </description>
				<width>600</width>
				<align>center</align>
				<label>SD card [B]$INFO[Window(10000).Property(sd)][/B]</label>
				<onclick>Skin.ToggleSetting(sd_overlay)</onclick>
				<selected>Skin.HasSetting(sd_overlay)</selected>
				<onclick condition="!Skin.HasSetting(sd_overlay)">SetProperty(sd_overlay,true,10000)</onclick>
				<onclick condition="Skin.HasSetting(sd_overlay)">SetProperty(sd_overlay,false,10000)</onclick>
			</control>
			<control type="label" id="63">
				<description>Encoder Direction Change</description>
				<left>45</left>
				<width>600</width>
				<height>40</height>
				<font>40</font>
				<align>center</align>
				<!-- <scroll>yes</scroll> -->
				<textcolor>88FFFFFF</textcolor>
				<label>$LOCALIZE[40010]</label>
			</control>
			<control type="radiobutton" id="64">
				<description>Encoder Direction Change</description>
				<width>600</width>
				<align>left</align>
				<radioposx>530</radioposx>
				<textwidth>540</textwidth>
				<label>$LOCALIZE[40011]</label>
				<onclick>Skin.ToggleSetting(encoder)</onclick>
				<selected>Skin.HasSetting(encoder)</selected>
				<onclick condition="!Skin.HasSetting(encoder)">SetProperty(encoder,true,10000)</onclick>
				<onclick condition="Skin.HasSetting(encoder)">SetProperty(encoder,false,10000)</onclick>
			</control>
		</control>
		<control type="label">
			<top>600</top>
			<left>57</left>
			<width>1000</width>
			<font>50</font>
			<align>left</align>
			<!-- <textcolor>ffed6504</textcolor> -->
			<label> $LOCALIZE[20091] $INFO[Window(10000).Property(key)]</label>
		</control>
	</controls>
</window>