﻿<?xml version="1.0" encoding="UTF-8"?>
<window id="10101">
	<defaultcontrol always="true">9000</defaultcontrol>
	<allowoverlay>yes</allowoverlay>
	<controls>
		<include>background</include>
		<include>framemax</include>
		<control type="label" id="1">
			<description>Заголовок</description>
			<left>40</left>
			<top>110</top>
			<width>940</width>
			<align>center</align>
			<label>-</label>
		</control>
		
		<control type="progress" id="20">
			<description>Progress Bar</description>
			<left>250</left>
			<top>180</top>				
			<info>System.Progress</info>
		</control>	
		
		<control type="label">
			<description>Строка состояния в %</description>
			<left>40</left>
			<top>300</top>
			<width>940</width>
			<align>center</align>
			<label>$INFO[System.Progressbar,%]</label>
		</control>
		
		<control type="textbox" id="9">
			<description>dialog line 1/2/3</description>
			<left>57</left>
			<top>400</top>
			<width>900</width>
			<height>200</height>
			<align>center</align>
			<textcolor>Color2</textcolor>
			<label />
			<scroll>true</scroll>
		</control>

		<control type="grouplist" id="9000">
			<top>600</top>
			<orientation>horizontal</orientation>
			<control type="button" id="11">
				<description>OK button</description>
				<align>center</align>
				<label>107</label>
			</control>
			<control type="button" id="10">
				<description>Cancel button</description>
				<align>center</align>
				<label>106</label>
			</control>
			<control type="button" id="12">
				<description>Custom button</description>
				<align>center</align>
				<label>106</label>
			</control>
		</control>
	</controls>
</window>