<?xml version="1.0" encoding="UTF-8"?>
<window id="10502">
	<views>50</views>
	<defaultcontrol always="true">50</defaultcontrol>
	<controls>
		<include>background</include>
		<include>framemax</include>
		<include>select</include>
		<include>View_50_List</include>
		<control type="label">
			<description>Window label</description>
			<top>5</top>
			<font>40</font>
			<textcolor>Color3</textcolor>
			<label>$LOCALIZE[10516]$INFO[Container.FolderName, - ]</label>
		</control>
	</controls>
</window>
