<?xml version="1.0" encoding="UTF-8"?>
<!-- Foundation -->
<window id="1100">
	<visible>!Window.IsVisible(startup)</visible>
	<defaultcontrol always="true">11</defaultcontrol>
	<allowoverlay>yes</allowoverlay>
	<controls>
		<include>framemax</include>
		<include>select</include>
		<control type="group">
			<top>-25</top>
			<include>canbus</include>
		</control>
		<description>Левая группа кнопок</description>
		<control type="grouplist"id="10">
			<top>85</top>
			<left>57</left>
			<width>300</width>
			<height>520</height>
			<itemgap>10</itemgap>
			<orientation>vertical</orientation>
			<align>top</align>
			<control type="button" id="11">
				<description>home menu settings</description>
				<height>65</height>
				<width>300</width>
				<font>50</font>
				<align>left</align>
				<label>$LOCALIZE[513]  </label>
				<onright>20</onright>
			</control>
			<control type="button" id="12">
				<description>CanBus monitor</description>
				<height>65</height>
				<width>300</width>
				<font>50</font>
				<align>left</align>
				<onleft>-</onleft>
				<onright>-</onright>
				<label>$LOCALIZE[40001]</label>
			</control>
			<control type="button" id="13">
				<description>Power status</description>
				<height>65</height>
				<width>300</width>
				<font>50</font>
				<align>left</align>
				<label>$LOCALIZE[33060]</label>
				<onleft>-</onleft>
				<onright>40</onright>
			</control>
			<control type="button" id="14">
				<description>Emulation</description>
				<height>65</height>
				<width>300</width>
				<font>50</font>
				<align>left</align>
				<label>$LOCALIZE[40006]</label>
				<onleft>-</onleft>
				<onright>50</onright>
			</control>
			<control type="button" id="15">
				<description>Control</description>
				<height>65</height>
				<width>300</width>
				<font>50</font>
				<align>left</align>
				<label>$LOCALIZE[14223]</label>
				<onleft>-</onleft>
				<onright>60</onright>
			</control>
			<control type="button" id="16">
				<description>Control</description>
				<height>65</height>
				<width>300</width>
				<font>50</font>
				<align>left</align>
				<label>$LOCALIZE[40002]</label>
				<onleft>-</onleft>
				<onright>70</onright>
			</control>
		</control>

		<control type="grouplist" id="20">
			<animation effect="fade" start="100" end="0" condition="!ControlGroup(20).HasFocus() + !Control.HasFocus(11)">Conditional</animation>
			<visible allowhiddenfocus="true">!Control.HasFocus(20)</visible>		
			<top>85</top>
			<left>370</left>
			<width>600</width>
			<height>520</height>
			<align>top</align>
			<orientation>vertical</orientation>
			<itemgap>10</itemgap>
			<onleft>11</onleft>
			<onright>-</onright>
			<control type="radiobutton" id="21">
				<description>speed home</description>
				<width>600</width>
				<align>left</align>
				<radioposx>530</radioposx>
				<textwidth>540</textwidth>
				<label>$LOCALIZE[40016] </label>
				<onclick>Skin.ToggleSetting(speed.big)</onclick>
				<selected>!Skin.HasSetting(speed.big)</selected>
				<onclick condition="Skin.HasSetting(speed.big)">SetProperty(speed.big,true,10000)</onclick>
				<onclick condition="!Skin.HasSetting(speed.big)">SetProperty(speed.big,false,10000)</onclick>
				<onleft>11</onleft>
				<onright>-</onright>
			</control>
			<control type="radiobutton" id="22">
				<description>RPM</description>
				<width>600</width>
				<align>left</align>
				<radioposx>530</radioposx>
				<textwidth>540</textwidth>
				<label>$LOCALIZE[40022] </label>
				<onclick>Skin.ToggleSetting(rpm)</onclick>
				<selected>!Skin.HasSetting(rpm)</selected>
				<onclick condition="Skin.HasSetting(rpm)">SetProperty(rpm,true,10000)</onclick>
				<onclick condition="!Skin.HasSetting(rpm)">SetProperty(rpm,false,10000)</onclick>
				<onleft>11</onleft>
				<onright>-</onright>
			</control>
			<control type="radiobutton" id="23">
				<description>coolant</description>
				<width>600</width>
				<align>left</align>
				<radioposx>530</radioposx>
				<textwidth>540</textwidth>
				<label>$LOCALIZE[40021] </label>
				<onclick>Skin.ToggleSetting(coolant)</onclick>
				<selected>!Skin.HasSetting(coolant)</selected>
				<onclick condition="Skin.HasSetting(coolant)">SetProperty(coolant,true,10000)</onclick>
				<onclick condition="!Skin.HasSetting(coolant)">SetProperty(coolant,false,10000)</onclick>
				<onleft>11</onleft>
				<onright>-</onright>
			</control>
			<control type="radiobutton" id="24">
				<description>CPUTemperature</description>
				<width>600</width>
				<align>left</align>
				<radioposx>530</radioposx>
				<textwidth>540</textwidth>
				<label>$LOCALIZE[22011] </label>
				<onclick>Skin.ToggleSetting(CPUTemperature)</onclick>
				<selected>!Skin.HasSetting(CPUTemperature)</selected>
				<onleft>11</onleft>
				<onright>-</onright>
			</control>
			<control type="radiobutton" id="25">
				<description>ip</description>
				<width>600</width>
				<align>left</align>
				<radioposx>530</radioposx>
				<textwidth>540</textwidth>
				<label>$LOCALIZE[150]</label>
				<onclick>Skin.ToggleSetting(ip)</onclick>
				<selected>!Skin.HasSetting(ip)</selected>
				<onleft>11</onleft>
				<onright>-</onright>
			</control>
			<control type="radiobutton" id="26">
				<description>time</description>
				<width>600</width>
				<align>left</align>
				<radioposx>530</radioposx>
				<textwidth>540</textwidth>
				<label>$LOCALIZE[142]</label>
				<onclick>Skin.ToggleSetting(time)</onclick>
				<selected>!Skin.HasSetting(time)</selected>
				<onleft>11</onleft>
				<onright>-</onright>
			</control>
		</control>
		
		
		<control type="grouplist" id="30">
			<animation effect="fade" start="100" end="0" condition="!ControlGroup(30).HasFocus() + !Control.HasFocus(12)">Conditional</animation>
			<visible allowhiddenfocus="true">!Control.HasFocus(30)</visible>
			<top>85</top>
			<left>370</left>
			<width>600</width>
			<height>600</height>
			<align>top</align>
			<orientation>vertical</orientation>
			<itemgap>10</itemgap>
			<control type="label">
				<description>RNSD SPEED</description>
				<width>600</width>
				<align>left</align>
				<label>346# $INFO[Window(10000).Property(346)]</label>
			</control>
			<control type="label">
				<description>RNSD RPM</description>
				<width>600</width>
				<align>left</align>
				<radioposx>530</radioposx>
				<textwidth>540</textwidth>
				<label>347# $INFO[Window(10000).Property(347)]</label>
			</control>
			<control type="label">
				<description>RNSE SPEED</description>
				<width>600</width>
				<align>left</align>
				<label>351# $INFO[Window(10000).Property(351)]</label>
			</control>
			<control type="label">
				<description>RNSE RPM</description>
				<width>600</width>
				<align>left</align>
				<label>353# $INFO[Window(10000).Property(353)]</label>
			</control>
			<control type="grouplist">
				<top>0</top>
				<left>0</left>
				<width>900</width>
				<height>80</height>
				<itemgap>10</itemgap>
				<orientation>horizontal</orientation>
				<align>top</align>
				<control type="label">
					<description>RNSE KEY status</description>
					<width>300</width>
					<align>left</align>
					<label>271# $INFO[Window(10000).Property(271)]</label>
				</control>
				<control type="label">
					<description>RNSD KEY status</description>
					<width>300</width>
					<align>left</align>
					<label>345# $INFO[Window(10000).Property(345)]</label>
				</control>
			</control>
			<control type="grouplist">
				<top>0</top>
				<left>0</left>
				<width>900</width>
				<height>80</height>
				<itemgap>10</itemgap>
				<orientation>horizontal</orientation>
				<align>top</align>
			<!-- 	<ondown>125</ondown> -->
				<control type="label">
					<description>MFSW 5C0</description>
					<width>300</width>
					<align>left</align>
					<label>5C0# $INFO[Window(10000).Property(5C0)]</label>
				</control>
				<control type="label">
					<description>MFSW 5C3</description>
					<width>300</width>
					<align>left</align>
					<label>5C3# $INFO[Window(10000).Property(5C3)]</label>
				</control>
			</control>
			<control type="grouplist">
				<top>0</top>
				<left>0</left>
				<width>900</width>
				<height>80</height>
				<itemgap>10</itemgap>
				<orientation>horizontal</orientation>
				<align>top</align>
			<!-- 	<ondown>125</ondown> -->
				<control type="label">
					<description>MFSW 5C1</description>
					<width>300</width>
					<align>left</align>
					<label>5C0# $INFO[Window(10000).Property(5C1)]</label>
				</control>
			</control>
		</control>
		
		<control type="grouplist" id="40">
			<animation effect="fade" start="100" end="0" condition="!ControlGroup(40).HasFocus() + !Control.HasFocus(13)">Conditional</animation>
			<visible allowhiddenfocus="true">!Control.HasFocus(40)</visible>
			<top>85</top>
			<left>370</left>
			<width>600</width>
			<height>520</height>
			<align>top</align>
			<orientation>vertical</orientation>
			<itemgap>10</itemgap>
			<onleft>13</onleft>
			<control type="button" id="42">
				<description>Reboot button</description>
				<width>600</width>
				<align>center</align>
				<label>13013</label>
				<onclick>Reset()</onclick>
				<onleft>13</onleft>
				<onright>-</onright>
			</control>
			<control type="button" id="43">
				<description>Shutdown</description>
				<width>600</width>
				<align>center</align>
				<label>13005</label>
				<onclick>Powerdown()</onclick>
				<onleft>13</onleft>
				<onright>-</onright>
			</control>
			<control type="label" id="44">
				<description>Monitor Key status</description>
				<left>45</left>
				<width>600</width>
				<height>40</height>
				<font>40</font>
				<align>center</align>
				<textcolor>Color3</textcolor>
				<label>$LOCALIZE[40012] | </label>
				<scroll>yes</scroll>
				<onleft>13</onleft>
				<onright>-</onright>
			</control>
			<control type="radiobutton" id="45">
				<description>keystatus_car</description>
				<width>600</width>
				<align>left</align>
				<radioposx>530</radioposx>
				<textwidth>540</textwidth>
				<label>$LOCALIZE[40013]</label>
				<onclick>Skin.ToggleSetting(keystatus_car)</onclick>
				<selected>!Skin.HasSetting(keystatus_car)</selected>
				<onclick condition="Skin.HasSetting(keystatus_car)">SetProperty(keystatus_car,true,10000)</onclick>
				<onclick condition="!Skin.HasSetting(keystatus_car)">SetProperty(keystatus_car,false,10000)</onclick>
				<onleft>13</onleft>
				<onright>-</onright>
			</control>
			
			<control type="label" id="46">
				<description>Monitor RNS power status</description>
				<left>45</left>
				<width>600</width>
				<height>40</height>
				<font>40</font>
				<align>center</align>
				<textcolor>Color3</textcolor>
				<label>$LOCALIZE[40014]</label>
				<onleft>13</onleft>
				<onright>-</onright>
			</control>
			<control type="radiobutton" id="47">
				<description>TFT OFF</description>
				<width>600</width>
				<align>left</align>
				<radioposx>530</radioposx>
				<textwidth>540</textwidth>
				<label>$LOCALIZE[40015]</label>
				<onclick>Skin.ToggleSetting(tftoff)</onclick>
				<selected>Skin.HasSetting(tftoff)</selected>
				<onclick condition="!Skin.HasSetting(tftoff)">SetProperty(tftoff,true,10000)</onclick>
				<onclick condition="Skin.HasSetting(tftoff)">SetProperty(tftoff,false,10000)</onclick>
				<onleft>13</onleft>
				<onright>-</onright>
			</control>
			<control type="label" id="48">
				<description>Действие при отслеживании статуса</description>
				<left>45</left>
				<width>600</width>
				<height>40</height>
				<font>40</font>
				<align>center</align>
				<textcolor>Color3</textcolor>
				<label>$LOCALIZE[40017] | </label>
				<scroll>yes</scroll>
			</control>
			<control type="togglebutton" id="49">
				<description>Действие при отслеживании статуса</description>
				<width>600</width>
				<height>65</height>
				<font>50</font>
				<label>$LOCALIZE[13013]</label>
				<altlabel>$LOCALIZE[13016]</altlabel>
				<onclick>Skin.ToggleSetting(poweroff)</onclick>
				<selected>!Skin.HasSetting(poweroff)</selected>
				<onclick condition="Skin.HasSetting(poweroff)">SetProperty(poweroff,true,10000)</onclick>
				<onclick condition="!Skin.HasSetting(poweroff)">SetProperty(poweroff,false,10000)</onclick>
				<onleft>13</onleft>
				<onright>-</onright>
			</control>		
		</control>		
		
		<control type="grouplist" id="50">
			<animation effect="fade" start="100" end="0" condition="!ControlGroup(50).HasFocus() + !Control.HasFocus(14)">Conditional</animation>
			<visible allowhiddenfocus="true">!Control.HasFocus(50)</visible>
			<top>85</top>
			<left>370</left>
			<width>600</width>
			<height>520</height>
			<align>top</align>
			<orientation>vertical</orientation>
			<itemgap>10</itemgap>
			<onleft>14</onleft>
			<control type="radiobutton" id="51">
				<description>RNSE tvtuner</description>
				<!-- <visible>!System.HasAddon(skin.rnsd)</visible> -->
				<width>600</width>
				<align>left</align>
				<radioposx>530</radioposx>
				<textwidth>540</textwidth>
				<label>$LOCALIZE[40006] $LOCALIZE[40007] RNSE </label>
				<onclick>Skin.ToggleSetting(rnsetv)</onclick>
				<selected>!Skin.HasSetting(rnsetv)</selected>
				<onclick condition="Skin.HasSetting(rnsetv)">SetProperty(rnsetv,true,10000)</onclick>
				<onclick condition="!Skin.HasSetting(rnsetv)">SetProperty(rnsetv,false,10000)</onclick>
				<onleft>14</onleft>
				<onright>-</onright>
			</control>
			<control type="radiobutton" id="52">
				<!-- <visible>!System.HasAddon(skin.rnse)</visible> -->
				<description>RNSD TV-Tuner</description>
				<width>600</width>
				<align>left</align>
				<radioposx>530</radioposx>
				<textwidth>540</textwidth>
				<label>$LOCALIZE[40006] $LOCALIZE[40007] RNSD</label>
				<onclick>Skin.ToggleSetting(rnsdtv)</onclick>
				<selected>!Skin.HasSetting(rnsdtv)</selected>
				<onclick condition="Skin.HasSetting(rnsdtv)">SetProperty(rnsdtv,true,10000)</onclick>
				<onclick condition="!Skin.HasSetting(rnsdtv)">SetProperty(rnsdtv,false,10000)</onclick>
				<onleft>14</onleft>
				<onright>-</onright>
			</control>
			<control type="radiobutton" id="53">
				<!-- <visible>!System.HasAddon(skin.rnse)</visible> -->
				<description>RNSD TMC-Tuner</description>
				<width>600</width>
				<align>left</align>
				<radioposx>530</radioposx>
				<textwidth>540</textwidth>
				<label>$LOCALIZE[40006] $LOCALIZE[40008] </label>
				<onclick>Skin.ToggleSetting(tmc)</onclick>
				<selected>Skin.HasSetting(tmc)</selected>
				<onclick condition="!Skin.HasSetting(tmc)">SetProperty(tmc,true,10000)</onclick>
				<onclick condition="Skin.HasSetting(tmc)">SetProperty(tmc,false,10000)</onclick>
				<onleft>14</onleft>
				<onright>-</onright>
			</control>
			<control type="radiobutton" id="54">
				<!-- <visible>!System.HasAddon(skin.rnse)</visible> -->
				<description>Emulation CanBus</description>
				<width>600</width>
				<align>left</align>
				<radioposx>530</radioposx>
				<textwidth>540</textwidth>
				<label>$LOCALIZE[40006] $LOCALIZE[40000] </label>
				<onclick>Skin.ToggleSetting(can_emulation)</onclick>
				<selected>Skin.HasSetting(can_emulation)</selected>
				<onclick condition="!Skin.HasSetting(can_emulation)">SetProperty(can_emulation,true,10000)</onclick>
				<onclick condition="Skin.HasSetting(can_emulation)">SetProperty(can_emulation,false,10000)</onclick>
				<onleft>14</onleft>
				<onright>-</onright>
			</control>
			<control type="label" id="68">
				<description>MFSW LEFT/RIGHT Change</description>
				<left>45</left>
				<width>600</width>
				<height>40</height>
				<font>40</font>
				<align>center</align>
				<scroll>yes</scroll>
				<textcolor>Color3</textcolor>
				<label>$LOCALIZE[40019] (test)</label>
			</control>
			<control type="radiobutton" id="69">
				<description>FIS</description>
				<width>600</width>
				<align>left</align>
				<radioposx>530</radioposx>
				<textwidth>540</textwidth>
				<label>$LOCALIZE[40019]</label>
				<onclick>Skin.ToggleSetting(sendfis)</onclick>
				<selected>Skin.HasSetting(sendfis)</selected>
				<onclick condition="!Skin.HasSetting(sendfis)">SetProperty(sendfis,true,10000)</onclick>
				<onclick condition="Skin.HasSetting(sendfis)">SetProperty(sendfis,false,10000)</onclick>
				<onleft>15</onleft>
				<onright>-</onright>
			</control>
		</control>

		<control type="grouplist" id="60">
			<animation effect="fade" start="100" end="0" condition="!ControlGroup(60).HasFocus() + !Control.HasFocus(15)">Conditional</animation>
			<visible allowhiddenfocus="true">!Control.HasFocus(60)</visible>
			<top>85</top>
			<left>370</left>
			<width>600</width>
			<height>520</height>
			<align>top</align>
			<orientation>vertical</orientation>
			<itemgap>10</itemgap>
			<onleft>15</onleft>
			<control type="label" id="61">
				<description>Disable / Allow Write to SD Card</description>
				<left>45</left>
				<width>600</width>
				<height>40</height>
				<font>40</font>
				<align>center</align>
				<scroll>yes</scroll>
				<textcolor>Color3</textcolor>
				<label> $LOCALIZE[40018]</label>
			</control>
			<control type="button" id="62">
				<description>SD card Overlay </description>
				<width>600</width>
				<align>center</align>
				<label>SD card [B]$INFO[Window(10000).Property(sd)][/B]</label>
				<onclick>Skin.ToggleSetting(sd_overlay)</onclick>
				<selected>Skin.HasSetting(sd_overlay)</selected>
				<onclick condition="!Skin.HasSetting(sd_overlay)">SetProperty(sd_overlay,true,10000)</onclick>
				<onclick condition="Skin.HasSetting(sd_overlay)">SetProperty(sd_overlay,false,10000)</onclick>
				<onleft>15</onleft>
				<onright>-</onright>
			</control>
			<control type="label" id="63">
				<description>Encoder Direction Change</description>
				<left>45</left>
				<width>600</width>
				<height>40</height>
				<font>40</font>
				<align>center</align>
				<scroll>yes</scroll>
				<wrapmultiline>true</wrapmultiline>
				<textcolor>Color3</textcolor>
				<label> $LOCALIZE[40010]</label>
			</control>
			<control type="radiobutton" id="64">
				<description>Encoder Direction Change</description>
				<width>600</width>
				<align>left</align>
				<radioposx>530</radioposx>
				<textwidth>540</textwidth>
				<label>$LOCALIZE[40026]</label>
				<onclick>Skin.ToggleSetting(encoder)</onclick>
				<selected>Skin.HasSetting(encoder)</selected>
				<onclick condition="!Skin.HasSetting(encoder)">SetProperty(encoder,true,10000)</onclick>
				<onclick condition="Skin.HasSetting(encoder)">SetProperty(encoder,false,10000)</onclick>
				<onleft>15</onleft>
				<onright>-</onright>
			</control>
			
			<control type="label" id="65">
				<description>MFSW Change</description>
				<left>45</left>
				<width>600</width>
				<height>40</height>
				<font>40</font>
				<align>center</align>
				<scroll>yes</scroll>
				<textcolor>Color3</textcolor>
				<label>$LOCALIZE[40011]</label>
			</control>
			<control type="radiobutton" id="66">
				<description>MFSW LEFT/RIGHT Change</description>
				<width>600</width>
				<align>left</align>
				<radioposx>530</radioposx>
				<textwidth>540</textwidth>
				<label>$LOCALIZE[40027]</label>
				<onclick>Skin.ToggleSetting(mfsw_l-r)</onclick>
				<selected>Skin.HasSetting(mfsw_l-r)</selected>
				<onclick condition="!Skin.HasSetting(mfsw_l-r)">SetProperty(mfsw_l-r,true,10000)</onclick>
				<onclick condition="Skin.HasSetting(mfsw_l-r)">SetProperty(mfsw_l-r,false,10000)</onclick>
				<onleft>15</onleft>
				<onright>-</onright>
			</control>
			<control type="radiobutton" id="67">
				<description>MFSW UP/DOWN Change</description>
				<width>600</width>
				<align>left</align>
				<radioposx>530</radioposx>
				<textwidth>540</textwidth>
				<label>$LOCALIZE[40026]</label>
				<onclick>Skin.ToggleSetting(mfsw_u-d)</onclick>
				<selected>Skin.HasSetting(mfsw_u-d)</selected>
				<onclick condition="!Skin.HasSetting(mfsw_u-d)">SetProperty(mfsw_u-d,true,10000)</onclick>
				<onclick condition="Skin.HasSetting(mfsw_u-d)">SetProperty(mfsw_u-d,false,10000)</onclick>
				<onleft>15</onleft>
				<onright>-</onright>
			</control>

		</control>
		<control type="label">
			<top>550</top>
			<left>57</left>
			<width>300</width>
			<font>50</font>
			<align>left</align>
			<label>$LOCALIZE[20091]</label>
		</control>
		<control type="label">
			<top>600</top>
			<left>57</left>
			<width>300</width>
			<font>50</font>
			<align>left</align>
			<label>$INFO[Window(10000).Property(key)]</label>
		</control>
		
		<control type="grouplist" id="70">
			<animation effect="fade" start="100" end="0" condition="!ControlGroup(70).HasFocus() + !Control.HasFocus(16)">Conditional</animation>
			<visible allowhiddenfocus="true">!Control.HasFocus(70)</visible>
			<top>85</top>
			<left>370</left>
			<width>600</width>
			<height>520</height>
			<align>top</align>
			<orientation>vertical</orientation>
			<itemgap>10</itemgap>
			<onleft>16</onleft>
			<control type="radiobutton" id="71">
				<description>Log Can Bus</description>
				<width>600</width>
				<label>$LOCALIZE[40003]</label>
				<radioposx>530</radioposx>
				<textwidth>540</textwidth>
				<onclick>Skin.ToggleSetting(canlog)</onclick>
				<selected>Skin.HasSetting(canlog)</selected>
				<onclick condition="!Skin.HasSetting(canlog)">SetProperty(canlog,true,10000)</onclick>
				<onclick condition="Skin.HasSetting(canlog)">SetProperty(canlog,false,10000)</onclick>
			</control>
			<control type="radiobutton" id="72">
				<description>Log Can Bus MFSW</description>
				<width>600</width>
				<radioposx>530</radioposx>
				<textwidth>540</textwidth>
				<label>$LOCALIZE[40003] MFSW</label>
				<onclick>Skin.ToggleSetting(canlog_mfsw)</onclick>
				<selected>Skin.HasSetting(canlog_mfsw)</selected>
				<onclick condition="!Skin.HasSetting(canlog_mfsw)">SetProperty(canlog_mfsw,true,10000)</onclick>
				<onclick condition="Skin.HasSetting(canlog_mfsw)">SetProperty(canlog_mfsw,false,10000)</onclick>
				<onleft>15</onleft>
				<onright>-</onright>
			</control>

		</control>
		
		
		
		
	</controls>
</window>