<?xml version="1.0" encoding="UTF-8"?>
<window>
	<views>50</views>
	<defaultcontrol always="true">50</defaultcontrol>
	<controls>
		<include>background</include>
		<include>framemax</include>
		<include>select</include>
		<control type="list" id="50">
			<onup>50</onup>
			<ondown>50</ondown>
			<onleft>UpdateAddonRepos</onleft>
		</control>
		<control type="label">
			<font>50</font>
			<label>$INFO[Window(AddonBrowser).Property(Updated)]</label>
			<align>center</align>
			<textcolor>88FFFFFF</textcolor>
		</control>
	</controls>
</window>