<?xml version="1.0" encoding="UTF-8"?>
<!-- Foundation -->
<window id="1201">
	<defaultcontrol always="true">10</defaultcontrol>
	<allowoverlay>yes</allowoverlay>
	<controls>
		<include>framemax</include>
		<include>select</include>
		<include>canbus</include>
		<control type="textbox">
			<left>49</left>
			<top>0</top>
			<width>925</width>
			<height>65</height>
			<font>50</font>
			<align>center</align>
			<label>$LOCALIZE[40050]  </label>
		</control>
		<description>Левая группа кнопок</description>
		<control type="grouplist">
			<top>80</top>
			<left>57</left>
			<width>500</width>
			<height>580</height>
			<itemgap>10</itemgap>
			<orientation>vertical</orientation>
			<align>top</align>
			<control type="label">
				<width>500</width>
				<height>55</height>
				<label></label>
			</control>
			<control type="button">
				<width>500</width>
				<label>$LOCALIZE[40051]</label>
			</control>
			<control type="button">
				<width>500</width>
				<label>$LOCALIZE[40052]</label>
			</control>
			<control type="button">
				<width>500</width>
				<label>$LOCALIZE[40053]</label>
			</control>
			<control type="button">
				<width>500</width>
				<label>$LOCALIZE[40054]</label>
			</control>
			<control type="button">
				<width>500</width>
				<label>$LOCALIZE[40055]</label>
			</control>
			<control type="button">
				<width>500</width>
				<label>$LOCALIZE[40056]</label>
			</control>
			<control type="button">
				<width>500</width>
				<label>$LOCALIZE[40057]</label>
			</control>
		</control>
		<control type="grouplist" id="10">
			<top>80</top>
			<left>580</left>
			<width>180</width>
			<height>580</height>
			<align>top</align>
			<orientation>vertical</orientation>
			<itemgap>10</itemgap>
			<ondown>50</ondown>
			<control type="label">
				<width>180</width>
				<height>55</height>
				<label>$LOCALIZE[40024]</label>
			</control>
			<control type="button" id="12">
				<width>180</width>
				<align>center</align>
				<label>$INFO[Skin.String(motor_oil)]</label>
				<onclick>Skin.SetNumeric(motor_oil)</onclick>
				<onright>32</onright>
			</control>
			<control type="button" id="13">
				<width>180</width>
				<align>center</align>
				<label>$INFO[Skin.String(air_filter)]</label>
				<onclick>Skin.SetNumeric(air_filter)</onclick>
				<onright>33</onright>
			</control>
			<control type="button" id="14">
				<width>180</width>
				<align>center</align>
				<label>$INFO[Skin.String(fuel_filter)]</label>
				<onclick>Skin.SetNumeric(fuel_filter)</onclick>
				<onright>34</onright>
			</control>
			<control type="button" id="15">
				<width>180</width>
				<align>center</align>
				<label>$INFO[Skin.String(cabin_filter)]</label>
				<onclick>Skin.SetNumeric(cabin_filter)</onclick>
				<onright>35</onright>
			</control>
			<control type="button" id="16">
				<width>180</width>
				<align>center</align>
				<label>$INFO[Skin.String(gear_oil)]</label>
				<onclick>Skin.SetNumeric(gear_oil)</onclick>
				<onright>36</onright>
			</control>
			<control type="button" id="17">
				<width>180</width>
				<align>center</align>
				<label>$INFO[Skin.String(brake_fluid)]</label>
				<onclick>Skin.SetNumeric(brake_fluid)</onclick>
				<onright>37</onright>
			</control>
			<control type="button" id="18">
				<width>180</width>
				<align>center</align>
				<label>$INFO[Skin.String(spark_plags)]</label>
				<onclick>Skin.SetNumeric(spark_plags)</onclick>
				<onright>38</onright>
			</control>
		</control>
		<control type="grouplist" id="30">
			<top>80</top>
			<left>780</left>
			<width>180</width>
			<height>580</height>
			<align>top</align>
			<orientation>vertical</orientation>
			<itemgap>10</itemgap>
			<ondown>50</ondown>
			<control type="label">
				<width>180</width>
				<height>55</height>
				<label>$LOCALIZE[209]</label>
			</control>
			<control type="button" id="32">
				<width>180</width>
				<align>center</align>
				<label>$INFO[Skin.String(motor_oil_next)]</label>
				<onclick>Skin.SetNumeric(motor_oil_next)</onclick>
				<onleft>12</onleft>
			</control>
			<control type="button"id="33">
				<width>180</width>
				<align>center</align>
				<label>$INFO[Skin.String(air_filter_next)]</label>
				<onclick>Skin.SetNumeric(air_filter_next)</onclick>
				<onleft>13</onleft>
			</control>
			<control type="button" id="34">
				<width>180</width>
				<align>center</align>
				<label>$INFO[Skin.String(fuel_filter_next)]</label>
				<onclick>Skin.SetNumeric(fuel_filter_next)</onclick>
				<onleft>14</onleft>
			</control>
			<control type="button" id="35">
				<width>180</width>
				<align>center</align>
				<label>$INFO[Skin.String(cabin_filter_next)]</label>
				<onclick>Skin.SetNumeric(cabin_filter_next)</onclick>
				<onleft>15</onleft>
			</control>
			<control type="button" id="36">
				<width>180</width>
				<align>center</align>
				<label>$INFO[Skin.String(gear_oil_next)]</label>
				<onclick>Skin.SetNumeric(gear_oil_next)]</onclick>
				<onleft>16</onleft>
			</control>
			<control type="button" id="37">
				<width>180</width>
				<align>center</align>
				<label>$INFO[Skin.String(brake_fluid_next)]</label>
				<onclick>Skin.SetNumeric(brake_fluid_next)</onclick>
				<onleft>17</onleft>
			</control>
			<control type="button" id="38">
				<width>180</width>
				<align>center</align>
				<label>$INFO[Skin.String(spark_plags_next)]</label>
				<onclick>Skin.SetNumeric(spark_plags_next)</onclick>
				<onleft>18</onleft>
			</control>
		</control>
		<description>Кнопка Выключения</description>
		<control type="button" id="50">
			<left>440</left>
			<top>655</top>
			<width>145</width> 
			<height>145</height>
			<texturefocus>select-buttonFO.png</texturefocus>
			<texturenofocus>select-button.png</texturenofocus>
			<onclick>ActivateWindow(1202)</onclick>
			<onup>10</onup>
			<ondown>11</ondown>
			<onleft>10</onleft>
			<onright>32</onright>
		</control>
	</controls>
</window>