<?xml version="1.0" encoding="UTF-8"?>
<includes>
	<include file="Defaults.xml" />
	<include file="View_50_List.xml" />
	<include file="IncludeCanBus.xml" />
	<include file="IncludeFrame.xml" />
	<include file="IncludeMusic.xml" />
	<include file="IncludeLine.xml" />
	<include file="IncludeBluetooth.xml" />
	
	<description>Фон</description>
	<include name="background">
		<control type="image">
			<left>0</left>
			<top>0</top>
			<width>1024</width>
			<height>768</height>
			<texture>background.png</texture>
		</control>
	</include>

	<description>Кнопка</description>
	<include name="select">
		<control type="image">
			<left>440</left>
			<top>655</top>
			<width>145</width> 
			<height>145</height>
			<aspectratio>keep</aspectratio>
			<texture>select-button.png</texture>
		</control>
	</include>

	<description>Image</description>
	<include name="image">
		<control type="image">
			<left></left>
			<top></top>
			<width>250</width>
			<height>250</height>
			<align>center</align>
			<aligny>center</aligny>
			<texture></texture>
		</control>
	</include>
	<description>logo</description>
	<include name="logo">
		<control type="image">
			<left>190</left>
			<top>115</top>
			<width>655</width>
			<height>256</height>
			<texture>logo/audi-logo.png</texture>
		</control>
	</include>
	<description>audi</description>

	<include name="SettingsPanel">
		<itemlayout height="75" width="500">
			<control type="image">
				<left>40</left>
				<top>405</top>
				<width>440</width>
				<height>65</height>
				<texture>button.png</texture>
			</control>
			<control type="label">
				<left>40</left>
				<top>405</top>
				<width>440</width>
				<height>65</height>
				<font>70</font>
				<textcolor>FF000000</textcolor>
				<label>$INFO[ListItem.Label]</label>
				<align>center</align>
			</control>
		</itemlayout>
		<focusedlayout height="75" width="500">
<!-- 			<control type="image">
				<left>40</left>
				<top>405</top>
				<width>440</width>
				<height>65</height>
				<texture>button-focus.png</texture>
			</control> -->
			<control type="label">
				<left>40</left>
				<top>405</top>
				<width>440</width>
				<height>65</height>
				<font>70</font>
				<textcolor>FFB0C4DE</textcolor>
				<label>$INFO[ListItem.Label]</label>
				<align>center</align>
			</control>
		</focusedlayout>
	</include>
</includes>
