<?xml version="1.0" encoding="UTF-8"?>
<!-- Foundation -->
<window id="1201">
	<defaultcontrol always="true">101</defaultcontrol>
	<allowoverlay>yes</allowoverlay>
	<controls>
		<include>framemax</include>
		<include>select</include>
	<!-- 	<include>canbus</include> -->
		<control type="label">
			<left>49</left>
			<top>0</top>
			<width>925</width>
			<height>65</height>
			<font>50</font>
			<align>left</align>
			<label>$LOCALIZE[40050] #1</label>
		</control>
		<control type="label">
			<left>580</left>
			<top>0</top>
			<width>925</width>
			<height>65</height>
			<font>40</font>
			<align>left</align>
			<label>$LOCALIZE[40024]</label>
		</control>
		<control type="label">
			<left>760</left>
			<top>0</top>
			<width>925</width>
			<height>65</height>
			<font>40</font>
			<align>left</align>
			<label>$LOCALIZE[209]</label>
		</control>
		<control type="group">
			<top>20</top>
			<description>MOTOR OIL</description>
			<control type="grouplist">
				<top>80</top>
				<left>57</left>
				<width>900</width>
				<height>580</height>
				<itemgap>10</itemgap>
				<ondown>104</ondown>
				<orientation>horizontal</orientation>
				<align>top</align>
				<control type="button" id="101">
					<width>480</width>
					<label>$LOCALIZE[40051]</label>
				</control>
				<control type="button" id="102">
					<width>200</width>
					<align>center</align>
					<label>$INFO[Skin.String(motor_oil1)]</label>
					<onclick>Skin.SetNumeric(motor_oil1)</onclick>
				</control>
				<control type="button" id="103">
					<width>200</width>
					<align>center</align>
					<label>$INFO[Skin.String(motor_oil2)]</label>
					<onclick>Skin.SetNumeric(motor_oil2)</onclick>
				</control>
			</control>
			
			<description>AIR FILTER</description>
			<control type="grouplist">
				<top>160</top>
				<left>57</left>
				<width>900</width>
				<height>580</height>
				<itemgap>10</itemgap>
				<orientation>horizontal</orientation>
				<align>top</align>
				<onup>101</onup>
				<ondown>107</ondown>
				<control type="button" id="104">
					<width>480</width>
					<label>$LOCALIZE[40052]</label>
				</control>
				<control type="button" id="105">
					<width>200</width>
					<align>center</align>
					<label>$INFO[Skin.String(air_filter)]</label>
					<onclick>Skin.SetNumeric(air_filter)</onclick>
				</control>
				<control type="button" id="106">
					<width>200</width>
					<align>center</align>
					<label>$INFO[Skin.String(air_filter2)]</label>
					<onclick>Skin.SetNumeric(air_filter2)</onclick>
				</control>
			</control>

			<description>FUEL FILTER</description>
			<control type="grouplist">
				<top>240</top>
				<left>57</left>
				<width>900</width>
				<height>580</height>
				<itemgap>10</itemgap>
				<orientation>horizontal</orientation>
				<align>top</align>
				<onup>104</onup>
				<ondown>110</ondown>
				<control type="button" id="107">
					<width>480</width>
					<label>$LOCALIZE[40053]</label>
				</control>
				<control type="button" id="108">
					<width>200</width>
					<align>center</align>
					<label>$INFO[Skin.String(fuel_filter)]</label>
					<onclick>Skin.SetNumeric(fuel_filter)</onclick>
				</control>
				<control type="button" id="109">
					<width>200</width>
					<align>center</align>
					<label>$INFO[Skin.String(fuel_filter2)]</label>
					<onclick>Skin.SetNumeric(fuel_filter2)</onclick>
				</control>
			</control>
			
			<description>CABIN FILTER</description>
			<control type="grouplist">
				<top>320</top>
				<left>57</left>
				<width>900</width>
				<height>580</height>
				<itemgap>10</itemgap>
				<orientation>horizontal</orientation>
				<align>top</align>
				<onup>107</onup>
				<ondown>113</ondown>
				<control type="button" id="110">
					<width>480</width>
					<label>$LOCALIZE[40054]</label>
				</control>
				<control type="button" id="111">
					<width>200</width>
					<align>center</align>
					<label>$INFO[Skin.String(cabin_filter)]</label>
					<onclick>Skin.SetNumeric(cabin_filter)</onclick>
				</control>
				<control type="button" id="112">
					<width>200</width>
					<align>center</align>
					<label>$INFO[Skin.String(cabin_filter2)]</label>
					<onclick>Skin.SetNumeric(cabin_filter2)</onclick>
				</control>
			</control>

			<description>GEAR OIL</description>
			<control type="grouplist">
				<top>400</top>
				<left>57</left>
				<width>900</width>
				<height>580</height>
				<itemgap>10</itemgap>
				<orientation>horizontal</orientation>
				<align>top</align>
				<onup>110</onup>
				<ondown>116</ondown>
				<control type="button" id="113">
					<width>480</width>
					<label>$LOCALIZE[40055]</label>
				</control>
				<control type="button" id="114">
					<width>200</width>
					<align>center</align>
					<label>$INFO[Skin.String(gear_oil)]</label>
					<onclick>Skin.SetNumeric(gear_oil)</onclick>
				</control>
				<control type="button" id="115">
					<width>200</width>
					<align>center</align>
					<label>$INFO[Skin.String(gear_oil2)]</label>
					<onclick>Skin.SetNumeric(gear_oil2)</onclick>
				</control>
			</control>
			
			<description>BREAK FLUID</description>
			<control type="grouplist">
				<top>480</top>
				<left>57</left>
				<width>900</width>
				<height>580</height>
				<itemgap>10</itemgap>
				<orientation>horizontal</orientation>
				<align>top</align>
				<onup>113</onup>
				<ondown>119</ondown>
				<control type="button" id="116">
					<width>480</width>
					<label>$LOCALIZE[40056]</label>
				</control>
				<control type="button" id="117">
					<width>200</width>
					<align>center</align>
					<label>$INFO[Skin.String(brake_fluid)]</label>
					<onclick>Skin.SetNumeric(brake_fluid)</onclick>
				</control>
				<control type="button" id="118">
					<width>200</width>
					<align>center</align>
					<label>$INFO[Skin.String(brake_fluid2)]</label>
					<onclick>Skin.SetNumeric(brake_fluid2)</onclick>
				</control>
			</control>
			
			<description>SPARK PLAGS</description>
			<control type="grouplist">
				<top>560</top>
				<left>57</left>
				<width>900</width>
				<height>580</height>
				<itemgap>10</itemgap>
				<orientation>horizontal</orientation>
				<align>top</align>
				<onup>116</onup>
				<ondown>ActivateWindow(1202)</ondown>
				<control type="button" id="119">
					<width>480</width>
					<label>$LOCALIZE[40057]</label>
				</control>
				<control type="button" id="120">
					<width>200</width>
					<align>center</align>
					<label>$INFO[Skin.String(spark_plags)]</label>
					<onclick>Skin.SetNumeric(spark_plags)</onclick>
				</control>
				<control type="button" id="121">
					<width>200</width>
					<align>center</align>
					<label>$INFO[Skin.String(spark_plags2)]</label>
					<onclick>Skin.SetNumeric(spark_plags2)</onclick>
				</control>
			</control>
		</control>
	</controls>
</window>