<?xml version="1.0" encoding="UTF-8"?>
<includes>
	<description>Рамка home</description>
	<include name="framehome">
		<control type="image">
			<description>-</description>
			<left>40</left>
			<top>97</top>
			<width>944</width> 
			<height>10</height> 
			<texture>button-focus.png</texture>
		</control>
		<control type="image">
			<description>_</description>
			<left>40</left>
			<top>375</top>
			<width>944</width> 
			<height>10</height> 
			<texture>button-focus.png</texture>
		</control>
		<control type="image">
			<description>|</description>
			<left>40</left>
			<top>100</top>
			<height>275</height>
			<width>9</width> 
			<texture>button-focus.png</texture>
		</control>
		<control type="image">
			<description>|</description>
			<left>975</left>
			<top>97</top>
			<height>287</height>
			<width>9</width> 
			<texture>button-focus.png</texture>
		</control>
	</include>

	<description>Рамка большая</description>
	<include name="framemax">
		<control type="image">
			<left>40</left>
			<top>65</top>
			<width>945</width> 
			<height>10</height> 
			<texture>button-focus.png</texture>
		</control>
		<control type="image">
			<left>40</left>
			<top>673</top>
			<width>945</width> 
			<height>10</height> 
			<texture>button-focus.png</texture>
		</control>
		<control type="image">
			<left>40</left>
			<top>65</top>
			<width>9</width> 
			<height>610</height> 
			<texture>button-focus.png</texture>
		</control>
		<control type="image">
			<left>976</left>
			<top>70</top>
			<width>9</width> 
			<height>605</height> 
			<texture>button-focus.png</texture>
		</control>
	</include>

	<description>Рамка Файловый менеджер</description>
	<include name="FrameManager">
		<control type="image">
			<description>_-</description>
			<left>10</left>
			<top>10</top>
			<width>1006</width> 
			<height>10</height> 
			<texture>button-focus.png</texture>
		</control>
		<control type="image">
			<description>-</description>
			<left>10</left>
			<top>747</top>
			<width>1006</width> 
			<height>10</height> 
			<texture>button-focus.png</texture>
		</control>
		<control type="image">
			<description>|</description>
			<left>9</left>
			<top>10</top>
			<width>9</width> 
			<height>747</height> 
			<texture>button-focus.png</texture>
		</control>
		<control type="image">
			<description>|</description>
			<left>1008</left>
			<top>10</top>
			<width>9</width> 
			<height>747</height> 
			<texture>button-focus.png</texture>
		</control>
		<control type="image">
			<description>|</description>
			<left>504</left>
			<top>10</top>
			<width>18</width> 
			<height>747</height> 
			<texture>button-focus.png</texture>
		</control>
	</include>

	<description>Рамка диалога</description>
	<include name="framemini">
		<control type="image">
			<left>40</left>
			<top>97</top>
			<width>944</width>
			<height>280</height>
			<texture>background80.png</texture>
		</control>
		<control type="image">
			<description>-</description>
			<left>40</left>
			<top>97</top>
			<width>944</width> 
			<height>10</height> 
			<texture>button-focus.png</texture>
		</control>
		<control type="image">
			<description>_</description>
			<left>40</left>
			<top>375</top>
			<width>944</width> 
			<height>10</height> 
			<texture>button-focus.png</texture>
		</control>
		<control type="image">
			<description>|</description>
			<left>40</left>
			<top>100</top>
			<height>275</height>
			<width>9</width> 
			<texture>button-focus.png</texture>
		</control>
		<control type="image">
			<description>|</description>
			<left>975</left>
			<top>97</top>
			<height>287</height>
			<width>9</width> 
			<texture>button-focus.png</texture>
		</control>
	</include>

	<include name="FrameContextMenu">
		<description>Рамка Контекстного меню</description>
		<control type="image">
			<description>background image</description>
			<left>0</left>
			<top>0</top>
			<width>450</width>
			<height>510</height>
			<texture>background.png</texture>
		</control>
  		<control type="image">
			<left>0</left>
			<top>0</top>
			<width>450</width> 
			<height>10</height> 
			<texture>button-focus.png</texture>
		</control>
  		<control type="image">
			<left>0</left>
			<top>510</top>
			<width>450</width> 
			<height>10</height> 
			<texture>button-focus.png</texture>
		</control>
		<control type="image">
			<left>0</left>
			<top>0</top>
			<height>510</height>
			<width>9</width> 
			<texture>button-focus.png</texture>
		</control>
		<control type="image">
			<left>450</left>
			<top>0</top>
			<height>520</height>
			<width>9</width> 
			<texture>button-focus.png</texture>
		</control>
	</include>
	
	<description>Рамка Оповещение</description>
	<include name="notification">
		<control type="image">
			<left>55</left>
			<top>10</top>
			<width>915</width>
			<height>180</height>
			<texture>background80.png</texture>
		</control>
  		<control type="image">
			<left>55</left>
			<top>10</top>
			<width>915</width> 
			<height>5</height> 
			<texture>button-focus.png</texture>
		</control>
  		<control type="image">
			<left>55</left>
			<top>190</top>
			<width>915</width> 
			<height>5</height> 
			<texture>button-focus.png</texture>
		</control>		
		<control type="image">
			<left>55</left>
			<top>10</top>
			<height>180</height>
			<width>5</width> 
			<texture>button-focus.png</texture>
		</control>
		<control type="image">
			<left>965</left>
			<top>10</top>
			<height>180</height>
			<width>5</width> 
			<texture>button-focus.png</texture>
		</control>
	</include>
</includes>