<?xml version="1.0" encoding="UTF-8"?>
<includes>
	<description>Музыка</description>
	<include name="Music">
 		<control type="group">
			<left>10</left>
			<control type="image">
				  <description>CD Cover</description>
				  <left>695</left>
				  <top>108</top>
				  <width>265</width>
				  <height>265</height>
				  <aspectratio>keep</aspectratio>
				  <texture>$INFO[MusicPlayer.Cover]</texture>
			</control>
			<control type="image">
				<description>Audio Codec</description>
				<top>-460</top>
				<left>40</left>
				<width>200</width>
				<texture colordiffuse="FF808080">flags\audiocodec\$INFO[MusicPlayer.Codec].png</texture>
				<aspectratio>keep</aspectratio>
			</control>
			<visible>Player.HasAudio</visible>
			<control type="group">
				<description>Line 1</description>
				<top>110</top>
				<width>930</width>
<!-- 				<control type="label">
					<description>Audio Codec</description>
					<textcolor>Color2</textcolor>
					<font>60</font>
					<align>left</align>
					<label>$INFO[MusicPlayer.Codec]</label>
					<texture>flags\audiocodec\$INFO[MusicPlayer.Codec].png</texture>
				</control> -->
				<control type="label">
					<description>Artist Info</description>
					<align>center</align>
					<textoffsetx>20</textoffsetx>
					<font>60</font>
					<scroll>true</scroll>
					<label>  $INFO[MusicPlayer.Artist]</label>
				</control>
			</control>
			<control type="group">
				<description>Line 2</description>
				<top>190</top>
				<!-- <control type="image">
					<description>background</description>
					<left>40</left>
					<width>920</width>
					<height>105</height>
					<font>60</font>
					<texture>background.png</texture>
				</control> -->
				<control type="label">
					<description>Player.Title</description>
					<width>920</width>
					<font>60</font>
					<align>center</align>
					<label>  $INFO[Player.Title]</label>
					<scroll>true</scroll>
				</control>
			</control>
			<control type="group">
				<description>Line 3</description>
				<top>290</top>
				<control type="label">
					<description>TrackNumber</description>
					<width>920</width>
					<font>50</font>
					<align>left</align>
					<!-- <label>Track   $INFO[MusicPlayer.TrackNumber]</label> -->
					<label>$INFO[musicplayer.Playlistposition,$LOCALIZE[554]:]$INFO[musicplayer.Playlistlength,[COLOR=Color4]/[/COLOR]]</label>
				</control>
				<control type="label">
					<description>Player.Time</description>
					<width>920</width>
					<font>50</font>
					<align>right</align>
					<label>$INFO[Player.Time]$INFO[Player.Duration,[COLOR=Color4]/[/COLOR]]</label>
				</control>
				<control type="grouplist" id="40">
					<defaultcontrol>-</defaultcontrol>
					<enable>Player.HasMedia</enable>
					<description>группа кнопок индикации</description>
					<left>270</left>
					<top>-34</top>
					<width>480</width>
					<height>150</height>	
					<itemgap>-50</itemgap>
					<orientation>horizontal</orientation>
					<onup>10</onup>
					<ondown>-</ondown>
					<control type="button" id="41">
						<description>Stop</description>
						<width>150</width>
						<height>150</height>
						<font>2</font> 
						<texturefocus>player/stopfo.png</texturefocus>
						<texturenofocus>player/stop.png</texturenofocus>
						<onclick>PlayerControl(stop)</onclick>
						<ondown>42</ondown>
					</control>				
					<control type="togglebutton" id="42">
						<width>150</width>
						<height>150</height>
						<font>2</font> 
						<texturefocus>player/playfo.png</texturefocus>
						<texturenofocus>player/play.png</texturenofocus>
						<usealttexture>!Player.IsPaused</usealttexture>
						<alttexturefocus>player/pausefo.png</alttexturefocus>
						<alttexturenofocus>player/pause.png</alttexturenofocus>
						<onclick>Player.Play</onclick>
						<selected>Player.Paused</selected>
						<visible>Player.PauseEnabled</visible>
						<ondown>43</ondown>
					</control>
					<control type="togglebutton" id="43">
						<width>150</width>
						<height>150</height>
						<font>2</font> 
						<texturefocus>player/randomoffFO.png</texturefocus>
						<texturenofocus>player/randomoff.png</texturenofocus>
						<usealttexture>!Player.IsRandom</usealttexture>
						<alttexturefocus>player/randomonFO.png</alttexturefocus>
						<alttexturenofocus>player/randomon.png</alttexturenofocus>
						<onclick>PlayerControl(Random)</onclick>
						<selected>Playlist.IsRandom</selected>
						<visible>Player.HasAudio</visible>
						<ondown>51</ondown>
					</control>
					<control type="button" id="51">
						<description>repeatOFF button</description>            
						<width>150</width>
						<height>150</height>
						<texturefocus>player/repeatoffFO.png</texturefocus>
						<texturenofocus>player/repeatoff.png</texturenofocus>
						<onclick>XBMC.PlayerControl(Repeat)</onclick>
						<visible>!Playlist.IsRepeat + !Playlist.IsRepeatOne</visible>
						<ondown>41</ondown>
					</control>
					<control type="button" id="51">
						<description>repeatON button</description>            
						<width>150</width>
						<height>150</height>
						<texturefocus>player/repeatFO.png</texturefocus>
						<texturenofocus>player/repeat.png</texturenofocus>
						<onclick>XBMC.PlayerControl(Repeat)</onclick>
						<visible>Playlist.IsRepeat</visible>
						<ondown>41</ondown>
					</control>                
					<control type="button" id="51">
						<description>repeatONE button</description>            
						<width>150</width>
						<height>150</height>
						<texturefocus>player/repeatoneFO.png</texturefocus>
						<texturenofocus>player/repeatone.png</texturenofocus>
						<onclick>XBMC.PlayerControl(Repeat)</onclick>
						<visible>Playlist.IsRepeatOne</visible>
						<ondown>41</ondown>
					</control>
				</control>
			</control>
		</control>
	</include>
</includes>
