<?xml version="1.0" encoding="UTF-8"?>
<includes>
	<include name="View_50_List">
		<control type="list" id="50">
			<left>57</left>
			<top>85</top>
			<width>930</width>
			<height>577</height>
			<align>top</align>
			<!-- <scroll>true</scroll> -->
			<pagecontrol>60</pagecontrol>
			<onup>9000</onup>
			<ondown>9000</ondown>
			<onleft>600</onleft>
			<onright>60</onright>
			<description>Нет фокуса</description>
			<itemlayout height="75">
				<control type="image">
					<width>910</width>
					<height>65</height>
					<texture>button.png</texture>
				</control>
				<control type="image">
					<left>0</left>
					<top>0</top>
					<width>45</width>
					<height>65</height>
					<aspectratio>keep</aspectratio>
					<texture colordiffuse="FF808080">$INFO[Listitem.Icon]</texture>
				</control>
				<control type="label">
					<left>65</left>
					<top>0</top>
					<!-- <width>910</width> -->
					<width>670</width>
					<height>65</height>
					<align>left</align>
					<aligny>center</aligny>
					<textcolor>Color1</textcolor>
					<selectedcolor>Color4</selectedcolor>
					<font>50</font>
					<info>ListItem.Label</info>
				</control>
				<control type="label">
					<left>730</left>
					<top>0</top>
					<width>140</width>
					<height>65</height>
					<align>right</align>
					<aligny>center</aligny>
					<textcolor>Color1</textcolor>
					<selectedcolor>Color4</selectedcolor>
					<font>30</font>
					<info>ListItem.Label2</info>
				</control>
				<description>Маркер продолжить</description>
				<control type="image">
					<top>14</top>
					<left>865</left>
					<width>45</width>
					<height>45</height>
					<aspectratio aligny="top">keep</aspectratio>
					<texture>Watched.png</texture>
					<visible>ListItem.IsResumable</visible>
				</control>
				<description>Маркер просмотренное</description>
				<control type="image">
					<top>14</top>
					<left>865</left>
					<width>45</width>
					<height>45</height>
					<aspectratio aligny="top">keep</aspectratio>
					<texture colordiffuse="FF808080">$INFO[ListItem.Overlay]</texture>
				</control>
			</itemlayout>
			<description>В фокусе</description>
			<focusedlayout height="75">
				<control type="image">
					<width>910</width>
					<height>65</height>
					<texture>button-focus.png</texture>
				</control>
				<control type="image">
					<left>0</left>
					<top>0</top>
					<width>45</width>
					<height>65</height>
					<aspectratio>keep</aspectratio>
					<!-- <texture colordiffuse="FF808080">$INFO[Listitem.Icon]</texture> -->
					<texture>$INFO[Listitem.Icon]</texture>
				</control>
				<control type="label">
					<left>65</left>
					<top>0</top>
					<!-- <width>910</width> -->
					<width>670</width>
					<height>65</height>
					<align>left</align>
					<textcolor>Color2</textcolor>
					<selectedcolor>Color2</selectedcolor>
					<font>50</font>
					<label>$INFO[ListItem.Label]   </label>
					<scroll>true</scroll>
				</control>
				 <control type="label">
					<left>730</left>
					<top>0</top>
					<width>140</width>
					<height>65</height>
					<align>right</align>
					<aligny>center</aligny>
					<textcolor>Color2</textcolor>
					<selectedcolor>Color2</selectedcolor>
					<font>30</font>
					<info>ListItem.Label2</info>
					<scroll>true</scroll>
				</control>
				<description>Маркер продолжить</description>
				<control type="image">
					<top>14</top>
					<left>865</left>
					<width>45</width>
					<height>45</height>
					<aspectratio aligny="top">keep</aspectratio>
					<texture>Watched.png</texture>
					<visible>ListItem.IsResumable</visible>
				</control>
				<description>Маркер просмотренное</description>
				<control type="image">
					<top>14</top>
					<left>865</left>
					<width>45</width>
					<height>45</height>
					<aspectratio aligny="top">keep</aspectratio>
					<texture colordiffuse="FF808080">$INFO[ListItem.Overlay]</texture>
				</control>
			</focusedlayout>
		</control>
		<control type="scrollbar" id="60">
			<top>65</top>
			<left>990</left>
			<width>20</width>
			<height>620</height>
			<texturesliderbackground>buttons/scrollbar-nib-nofocus.png</texturesliderbackground>
			<textureslidernib>button.png</textureslidernib>
			<textureslidernibfocus>button-focus.png</textureslidernibfocus>
			<showonepage>true</showonepage>
			<orientation>vertical</orientation>
			<onleft>50</onleft>
			<!-- <onright>50</onright> -->
		</control>

		<description>Левая группа кнопок</description>
		<control type="group"id="10">
			<animation effect="fade" start="80" end="0" condition="Control.HasFocus(50)">Conditional</animation>
			<animation effect="fade" start="100" end="0" condition="Control.HasFocus(60)">Conditional</animation>
			<top>85</top>
			<left>57</left>
			<width>300</width>
			<height>520</height>
			<itemgap>10</itemgap>
			<orientation>vertical</orientation>
			<align>top</align>

			<control type="image">
				<width>300</width>
				<height>580</height>
				<texture>background.png</texture>
			</control>
			<control type="label" id="203">
				<top>0</top>
				<left>0</left>
				<width>290</width>
				<textcolor>Color3</textcolor>
				<label>$INFO[System.AddonTitle(skin.rnsd)]</label>
			</control>
			<control type="label" id="203">
				<top>75</top>
				<left>0</left>
				<width>290</width>
				<align>center</align>
				<font>40</font>
				<textcolor>Color3</textcolor>
				<label>$LOCALIZE[24051] $INFO[System.AddonVersion(skin.rnsd)]</label>
			</control>
			<control type="label" id="203">
				<top>150</top>
				<left>0</left>
				<width>290</width>
				<align>center</align>
				<font>40</font>
				<textcolor>Color3</textcolor>
				<label>$LOCALIZE[24053]</label>
			</control>
			<control type="label" id="203">
				<top>225</top>
				<left>0</left>
				<width>290</width>
				<align>center</align>
				<font>40</font>
				<textcolor>Color3</textcolor>
				<label>$INFO[Window(10000).Property(key)]</label>
			</control>
			<control type="grouplist"id="600">
				<left>0</left>
				<top>400</top>
				<width>290</width>
				<height>160</height>
				<itemgap>10</itemgap>
				<orientation>vertical</orientation>
				<onright>50</onright>
			<!-- 	<control type="button" id="618">
					<description>Changelog</description>
					<width>290</width>
					<font>40</font>
					<label>$LOCALIZE[24036]</label>
					<onclick>ActivateWindow(textviewer)</onclick>
				</control> -->
				<control type="togglebutton" id="619">
					<description>Update library</description>
					<width>290</width>
					<font>40</font>
					<label>$LOCALIZE[653]</label>
					<onclick>UpdateLibrary(video)</onclick>
					<visible>Window.IsActive(MyVideoNav.xml)</visible>
					<altlabel>$LOCALIZE[13353]</altlabel> 
					<usealttexture>library.isscanningvideo</usealttexture>
				</control>
				<control type="togglebutton" id="620">
					<description>Update library</description>
					<width>290</width>
					<font>40</font>
					<label>$LOCALIZE[653]</label>
					<onclick>UpdateLibrary(music)</onclick>
					<visible>Window.IsActive(MyMusicNav.xml)</visible>
					<usealttexture>library.isscanningvideo</usealttexture>
				</control>
				<control type="togglebutton" id="621">
					<description>Update library</description>
					<width>290</width>
					<font>40</font>
					<label>$LOCALIZE[24034]</label>
					<onclick>UpdateAddonRepos</onclick>
					<visible>Window.IsActive(AddonBrowser.xml)</visible>
					<usealttexture>library.isscanningvideo</usealttexture>
				</control>
			</control>
		</control>
	</include>
</includes>
