<?xml version="1.0" encoding="UTF-8"?>
<window>
	<defaultcontrol always="true">95</defaultcontrol>
	<controls>
		<include>framemax</include>
		<control type="label" id="52">
			<description>XBMC XBE BUILD Version</description>
			<left>45</left>
			<top>10</top>
			<font>50</font>
			<width>900</width>
			<align>center</align>
			<scroll>yes</scroll>
			<font>40</font>
			<textcolor>Color3</textcolor>
		</control>
		<control type="grouplist" id="9000">
			<top>85</top>
			<left>57</left>
			<width>911</width>
			<height>65</height>
			<onup>9000</onup>
			<ondown>9000</ondown>
			<control type="button" id="95">
				<description>Button Summary Values</description>
				<width>180</width>
				<align>center</align>
				<label>20037</label>
			</control>
			<control type="button" id="94">
				<description>Button Storage</description>
				<width>180</width>
				<align>center</align>
				<label>13277</label>
			</control>
			<control type="button" id="96">
				<description>Button Network</description>
				<width>180</width>
				<align>center</align>
				<label>13279</label>
			</control>
			<control type="button" id="97">
				<description>Button Video</description>
				<width>180</width>
				<align>center</align>
				<label>13280</label>
			</control>
			<control type="button" id="98">
				<width>180</width>
				<align>center</align>
				<label>13281</label>
			</control>
		</control>
		<control type="grouplist">
			<description>header label</description>
			<left>45</left>
			<top>150</top>
			<width>930</width>
			<height>600</height>
			<itemgap>1</itemgap>
			<orientation>vertical</orientation>
			<control type="label" id="2">
				<description>Label 2</description>
				<align>left</align>
				<font>40</font>
				<scroll>false</scroll>
			</control>
			<control type="label" id="3">
				<description>Label 3</description>
				<align>left</align>
				<font>40</font>
				<scroll>false</scroll>
			</control>
			<control type="label" id="4">
				<description>Label 4</description>
				<align>left</align>
				<font>40</font>
				<scroll>false</scroll>
			</control>
			<control type="label" id="5">
				<description>Label 5</description>
				<align>left</align>
				<font>40</font>
				<scroll>true</scroll>
			</control>
			<control type="label" id="6">
				<align>left</align>
				<font>40</font>
				<scroll>true</scroll>
			</control>
			<control type="label" id="7">
				<description>Label 7</description>
				<align>left</align>
				<font>40</font>
				<scroll>true</scroll>
			</control>
			<control type="label" id="8">
				<description>Label 8</description>
				<align>left</align>
				<font>40</font>
				<scroll>true</scroll>
			</control>
			<control type="label" id="9">
				<align>left</align>
				<font>40</font>
				<scroll>true</scroll>
			</control>
			<control type="label" id="10">
				<description>Label 10</description>
				<align>left</align>
				<font>40</font>
				<scroll>true</scroll>
			</control>
			<control type="label" id="11">
				<description>Label 11</description>
				<align>left</align>
				<font>40</font>
				<scroll>true</scroll>
			</control>
		</control>
		<control type="label">
			<description>CPU Text</description>
			<left>40</left>
			<top>700</top>
			<width>400</width>
			<height>25</height>
			<label>$LOCALIZE[13271] $INFO[System.CPUUsage]</label>
			<align>center</align>
			<aligny>center</aligny>
			<textcolor>Color2</textcolor>
			<shadowcolor>Color1</shadowcolor>
			<font>30</font>
		</control>
		<control type="progress">
			<description>CPU BAR</description>
			<left>40</left>
			<top>730</top>
			<height>25</height>
			<width>400</width>
			<info>System.CPUUsage</info>
		</control>
		<control type="label">
			<description>Memory Text</description>
			<left>570</left>
			<top>700</top>
			<width>430</width>
			<height>25</height>
			<label>$LOCALIZE[31309] $INFO[system.memory(used)] [B]/[/B] $INFO[system.memory(total)] <!-- [B]-[/B] $INFO[system.memory(used.percent)] --></label>
			<align>center</align>
			<aligny>center</aligny>
			<textcolor>Color2</textcolor>
			<shadowcolor>Color1</shadowcolor>
			<font>30</font>
			<scroll>false</scroll>
		</control>
		<control type="progress">
			<description>Memory BAR</description>
			<left>580</left>
			<top>730</top>
			<height>25</height>
			<width>400</width>
			<info>system.memory(used)</info>
		</control>

	</controls>
</window>
