<?xml version="1.0" encoding="UTF-8"?>
<includes>
	<include name="canbus">
		<control type="label">
			<visible>[!Skin.HasSetting(speed)]</visible>
			<top>25</top>
			<left>30</left>
			<width>970</width>
			<height>70</height>
			<font>50</font>
			<align>left</align>
			<textcolor>88FFFFFF</textcolor>
			<label>$INFO[Window(10000).Property(speed)] $LOCALIZE[40023]</label>
		</control>

		<control type="label">
			<visible>[!Skin.HasSetting(time)]</visible>
			<top>25</top>
			<left>30</left>
			<width>970</width>
			<height>70</height>
			<font>70</font>
			<align>center</align>
			<textcolor>88FFFFFF</textcolor>
			<label>[B]$INFO[System.Time][/B]</label>
		</control>

		<control type="label">
			<visible>[!Skin.HasSetting(rpm)]</visible>
			<top>25</top>
			<left>30</left>
			<width>970</width>
			<height>70</height>
			<font>50</font>
			<align>right</align>
			<textcolor>88FFFFFF</textcolor>
			<label>[B]$INFO[Window(10000).Property(rpm)][/B] rpm</label>
		</control>

		<control type="label">
			<visible>[!Skin.HasSetting(speed.big)]</visible>
			<description>SpeedBig</description>
			<left>30</left>
			<top>75</top>
			<width>970</width>
			<height>300</height>
			<font>300</font>
			<align>center</align>
			<textcolor>88FFFFFF</textcolor>
			<label>$INFO[Window(10000).Property(speed)]</label>
		</control>		

		<control type="label">
			<visible>[!Skin.HasSetting(CPUTemperature)]</visible>
			<left>30</left>
			<top>700</top>
			<width>970</width>
			<height>70</height>
			<font>50</font>
			<align>left</align>
			<textcolor>88FFFFFF</textcolor>
			<!-- <label>$LOCALIZE[140] $INFO[System.CPUTemperature]</label> -->
			<label>$LOCALIZE[140] $INFO[Window(10000).Property(rpi_cpu)]</label>
		</control>

		<control type="label">
			<visible>[!Skin.HasSetting(coolant)]</visible>
			<left>30</left>
			<top>700</top>
			<width>970</width>
			<height>70</height>
			<font>50</font>
			<align>right</align>
			<textcolor>88FFFFFF</textcolor>
			<label>$LOCALIZE[40021] [B]$INFO[Window(10000).Property(coolant)][/B] °C</label>
		</control>

	</include> 
</includes>
