<?xml version="1.0" encoding="UTF-8"?>
<!-- Foundation -->
<window id="1202">
	<defaultcontrol always="true">10</defaultcontrol>
	<allowoverlay>yes</allowoverlay>
	<controls>
		<include>framemax</include>
		<include>select</include>
		<include>canbus</include>
		<control type="textbox">
			<left>49</left>
			<top>0</top>
			<width>925</width>
			<height>65</height>
			<font>50</font>
			<align>center</align>
			<label>$LOCALIZE[40050]  </label>
		</control>
		<description>Левая группа кнопок</description>
		<control type="grouplist">
			<top>80</top>
			<left>57</left>
			<width>500</width>
			<height>580</height>
			<itemgap>10</itemgap>
			<orientation>vertical</orientation>
			<align>top</align>
			<control type="label">
				<width>500</width>
				<height>55</height>
				<label></label>
			</control>
			<control type="button">
				<width>500</width>
				<label>$LOCALIZE[40058]</label>
			</control>
			<control type="button">
				<width>500</width>
				<label>$LOCALIZE[40061]</label>
			</control>
			<control type="button">
				<width>500</width>
				<label>$LOCALIZE[40059]</label>
			</control>
			<control type="button">
				<width>500</width>
				<label>$LOCALIZE[40060]</label> 
			</control>
		</control>
		<control type="grouplist" id="10">
			<top>80</top>
			<left>580</left>
			<width>180</width>
			<height>580</height>
			<align>top</align>
			<orientation>vertical</orientation>
			<itemgap>10</itemgap>
			<ondown>50</ondown>
 			<control type="label">
				<width>180</width>
				<height>55</height>
				<label>$LOCALIZE[40024]</label>
			</control>
			<control type="button" id="19">
				<width>180</width>
				<align>center</align>
				<label>$INFO[Skin.String(timing_belt)]</label>
				<onclick>Skin.SetNumeric(timing_belt)</onclick>
				<onright>39</onright>
			</control>
			<control type="button" id="20">
				<width>180</width>
				<align>center</align>
				<label>$INFO[Skin.String(generator_belt)]</label>
				<onclick>Skin.SetNumeric(generator_belt)</onclick>
				<onright>40</onright>
			</control>
			<control type="button" id="21">
				<width>180</width>
				<align>center</align>
				<label>$INFO[Skin.String(conditioner)]</label>
				<onclick>Skin.SetNumeric(conditioner)</onclick>
				<onright>41</onright>
			</control>
			<control type="button" id="22">
				<width>180</width>
				<align>center</align>
				<label>$INFO[Skin.String(coolant)]</label>
				<onclick>Skin.SetNumeric(coolant)</onclick>
				<onright>42</onright>
			</control>
		</control>
		<control type="grouplist" id="30">
			<top>80</top>
			<left>780</left>
			<width>180</width>
			<height>580</height>
			<align>top</align>
			<orientation>vertical</orientation>
			<itemgap>10</itemgap>
			<ondown>50</ondown>
			<control type="label">
				<width>180</width>
				<height>55</height>
				<label>$LOCALIZE[209]</label>
			</control>
			<control type="button" id="39">
				<width>180</width>
				<align>center</align>
				<label>$INFO[Skin.String(timing_belt_next)]</label>
				<onclick>Skin.SetNumeric(timing_belt_next)</onclick>
				<onleft>19</onleft>
			</control>
			<control type="button" id="40">
				<width>180</width>
				<align>center</align>
				<label>$INFO[Skin.String(generator_belt_next)]</label>
				<onclick>Skin.SetNumeric(generator_belt_next)</onclick>
				<onleft>20</onleft>
			</control>
			<control type="button" id="41">
				<width>180</width>
				<align>center</align>
				<label>$INFO[Skin.String(conditioner_next)]</label>
				<onclick>Skin.SetNumeric(conditioner_next)</onclick>
				<onleft>21</onleft>
			</control>
			<control type="button" id="42">
				<width>180</width>
				<align>center</align>
				<label>$INFO[Skin.String(coolant_next)]</label>
				<onclick>Skin.SetNumeric(coolant_next)</onclick>
				<onleft>22</onleft>
			</control>
			
			
		</control>
		<description>Кнопка Выключения</description>
		<control type="button" id="50">
			<left>440</left>
			<top>655</top>
			<width>145</width> 
			<height>145</height>
			<texturefocus>select-buttonFO.png</texturefocus>
			<texturenofocus>select-button.png</texturenofocus>
			<onclick>ActivateWindow(1201)</onclick>
			<onup>10</onup>
			<ondown>10</ondown>
			<onleft>10</onleft>
			<onright>32</onright>
		</control>
	</controls>
</window>