<?xml version="1.0" encoding="UTF-8"?>
<window>
	<views>50</views>
	<defaultcontrol always="true">50</defaultcontrol>
	<controls>
		<include>background</include>
		<include>framemax</include>
		<include>select</include>
		<include>View_50_List</include>
<!-- 		<control type="list" id="50">
			<onup>50</onup>
			<ondown>50</ondown>
			<onleft>UpdateAddonRepos</onleft>
			<onright>UpdateAddonRepos</onright>
		</control> -->
		<control type="label">
			<top>-5</top>
			<font>40</font>
			<label>$LOCALIZE[12014] $INFO[Window(AddonBrowser).Property(Updated)]</label>
			<align>center</align>
			<textcolor>Color3</textcolor>
		</control>
	</controls>
</window>
