<?xml version="1.0" encoding="UTF-8"?>
<window id="10000">
<!-- RNS-D -->
	<onload condition="Skin.HasSetting(encoder)">SetProperty(encoder,true,10000)</onload>
	<onload condition="!Skin.HasSetting(encoder)">SetProperty(encoder,false,10000)</onload> <!-- on boot false -->
	
	<onload condition="!Skin.HasSetting(keystatus_car)">SetProperty(keystatus_car,true,10000)</onload> <!-- on boot true -->
	<onload condition="Skin.HasSetting(keystatus_car)">SetProperty(keystatus_car,false,10000)</onload>
	
	<onload condition="!Skin.HasSetting(poweroff)">SetProperty(poweroff,true,10000)</onload> <!-- on boot true -->
	<onload condition="Skin.HasSetting(poweroff)">SetProperty(poweroff,false,10000)</onload>
	
	<onload condition="!Skin.HasSetting(rnsdtv)">SetProperty(rnsdtv,true,10000)</onload> <!-- on boot true -->
	<onload condition="Skin.HasSetting(rnsdtv)">SetProperty(rnsdtv,false,10000)</onload>

	<onload condition="!Skin.HasSetting(rnsetv)">SetProperty(rnsetv,true,10000)</onload> <!-- on boot true -->
	<onload condition="Skin.HasSetting(rnsetv)">SetProperty(rnsetv,false,10000)</onload>

	<onload condition="Skin.HasSetting(tftoff)">SetProperty(tftoff,true,10000)</onload>
	<onload condition="!Skin.HasSetting(tftoff)">SetProperty(tftoff,false,10000)</onload> <!-- on boot false -->
	
	<onload condition="Skin.HasSetting(tmc)">SetProperty(tmc,true,10000)</onload> <!-- on boot true -->
	<onload condition="!Skin.HasSetting(tmc)">SetProperty(tmc,false,10000)</onload>
	
	<onload condition="Skin.HasSetting(can_emulation)">SetProperty(can_emulation,true,10000)</onload>
	<onload condition="!Skin.HasSetting(can_emulation)">SetProperty(can_emulation,false,10000)</onload> <!-- on boot false -->
	
	<onload condition="Skin.HasSetting(sendfis)">SetProperty(sendfis,true,10000)</onload>
	<onload condition="!Skin.HasSetting(sendfis)">SetProperty(sendfis,false,10000)</onload> <!-- on boot false -->

	<onload condition="Skin.HasSetting(mfsw_l-r)">SetProperty(mfsw_l-r,true,10000)</onload>
	<onload condition="!Skin.HasSetting(mfsw_l-r)">SetProperty(mfsw_l-r,false,10000)</onload> <!-- on boot false -->

	<onload condition="Skin.HasSetting(mfsw_u-d)">SetProperty(mfsw_u-d,true,10000)</onload>
	<onload condition="!Skin.HasSetting(mfsw_u-d)">SetProperty(mfsw_u-d,false,10000)</onload> <!-- on boot false -->
	
	<defaultcontrol always="true">12</defaultcontrol>
	<allowoverlay>yes</allowoverlay>
	<controls>
		<include>background</include>
		<include>framehome</include>
		<include>canbus</include>
		<include>line</include>
		<include>select</include>
		
		<description>Текст в рамке</description>
		<control type="grouplist">
			<left>57</left>
			<top>130</top>
			<width>920</width>
			<height>310</height>
			<itemgap>10</itemgap>
			<orientation>vertical</orientation>
			<align>top</align>
			<control type="label">
				<width>920</width>
				<font>50</font>
				<info>Network.IPAddress</info>
				<align>right</align>
				<textcolor>Color3</textcolor>
				<visible>[!Skin.HasSetting(ip)]</visible>
			</control>
		</control>
		<description>Левая группа кнопок</description>
		<control type="grouplist"id="10">
			<left>40</left>
			<top>405</top>
			<width>440</width>
			<height>310</height>
			<itemgap>10</itemgap>
			<orientation>vertical</orientation>
			<align>top</align>
			<onup>40</onup>
			<ondown>21</ondown>
			<onleft>SkipPrevious</onleft>
			<onright>20</onright>
			<control type="button" id="11">
				<description>Video</description>
				<height>65</height>
				<width>440</width>
				<font>60</font>
				<align>center</align>
				<label>$LOCALIZE[3]</label>
				<onclick>ActivateWindow(Videos,files,return)</onclick>
			</control>
			<control type="button" id="12">
				<description>Music</description>
				<height>65</height>
				<width>440</width>
				<font>60</font>
				<align>center</align>
				<label>$LOCALIZE[2]</label>
				<onclick>ActivateWindow(Music,files,return)</onclick>
			</control>
			<control type="button" id="13">
				<description>Programs</description>
				<height>65</height>
				<width>440</width>
				<font>60</font>
				<align>center</align>
				<label>$LOCALIZE[0]</label>
				<onclick condition="!System.Platform.Android">ActivateWindow(Programs,Addons,return)</onclick>
				<onclick condition="System.Platform.Android">ActivateWindow(Programs)</onclick>
			</control>
		</control>
		
		<description>Правая группа кнопок</description>
 		<control type="grouplist"id="20">
			<left>544</left>
			<top>405</top>
			<width>440</width>
			<height>310</height>
			<itemgap>10</itemgap>
			<orientation>vertical</orientation>
			<align>top</align>
			<onup>10</onup>
			<ondown>30</ondown>
			<onleft>10</onleft>
			<onright>SkipNext</onright>
			<control type="button" id="21">
				<visible>!System.HasPVRAddon</visible>
				<description>Videos,/home/pi/movies</description>
				<height>65</height>
				<width>440</width>
				<font>60</font>
				<align>center</align>
				<label>$LOCALIZE[342]</label>
				<onclick>ActivateWindow(Videos,/home/pi/movies,return)</onclick>
			</control>
			<control type="button" id="22">
				<description>TV channel</description>
				<visible>System.HasPVRAddon</visible>
				<height>65</height>
				<width>440</width>
				<font>60</font>
				<align>center</align>
				<label>$LOCALIZE[10700]</label>
				<onclick>ActivateWindow(TVChannels)</onclick>
			</control>
			<control type="button" id="23">
				<visible>!System.HasPVRAddon</visible>
				<description>Videos,/home/pi/clips</description>
				<height>65</height>
				<width>440</width>
				<font>60</font>
				<align>center</align>
				<label>$LOCALIZE[20389]</label>
				<onclick>ActivateWindow(Videos,/home/pi/clips,return)</onclick>
			</control>
			<control type="button" id="24">
				<description>Radio PVR</description>
				<visible>System.HasPVRAddon</visible>
				<height>65</height>
				<width>440</width>
				<font>60</font>
				<align>center</align>
				<label>$LOCALIZE[19024]</label>
				<onclick>ActivateWindow(RadioChannels)</onclick>
			</control>
			<control type="button" id="26">
				<description>Настройки</description>
				<height>65</height>
				<width>440</width>
				<font>60</font>
				<align>center</align>
				<label>$LOCALIZE[5]</label>
				<onclick>ActivateWindow(Settings)</onclick>
			</control>
		</control>

 		<description>Кнопка Выключения</description>
		<control type="button" id="30">
			<left>440</left>
			<top>655</top>
			<width>145</width> 
			<height>145</height>
			<texturefocus>select-buttonFO.png</texturefocus>
			<texturenofocus>select-button.png</texturenofocus>
			<onclick>ActivateWindow(ShutDownMenu)</onclick>
			<onup>20</onup>
			<ondown>11</ondown>
			<onleft>10</onleft>
			<onright>20</onright>
		</control>
 		<control type="group">
			<left>0</left>
			<top>0</top>
			<ondown>30</ondown>
			<control type="group">
				<visible>Player.HasVideo</visible>
				<control type="videowindow">
					<description>Video in window</description>
					<left>50</left>
					<top>105</top>
					<aspectratio>keep</aspectratio>
					<width>770</width>
					<height>270</height>
				</control>
			</control>
		</control>
		<include>Music</include>
		<include>Bluetooth</include>
	</controls>
</window>
