<?xml version="1.0" encoding="UTF-8"?>
<!-- Foundation -->
<window id="1101">
	<defaultcontrol always="true">30</defaultcontrol>
	<controls>
		<include>background</include>
		<include>framemax</include>
		<include>select</include>
		<control type="textbox">
			<left>49</left>
			<top>10</top>
			<width>925</width>
			<height>65</height>
			<font>50</font>
			<!-- <textcolor>FFB0C4DE</textcolor> -->
			<align>center</align>
			<label>$LOCALIZE[40001]  </label>
		</control>
		<control type="list">
			<description>List</description>
			<left>50</left>
			<top>105</top>
			<width>925</width>
			<height>570</height>
			<itemgap>2</itemgap>
			<onup>-</onup>
			<ondown>-</ondown>
			<scrolltime>0</scrolltime>
			<orientation>vertical</orientation>
			<pagecontrol>-</pagecontrol>
			<itemlayout height="95" width="375">
				<control type="label">
					<left>-</left>
					<top>-</top>
					<width>200</width>
					<height>80</height>
					<font>80</font>
					<textcolor>FFB0C4DE</textcolor>
					<align>left</align>
					<aligny>center</aligny>
					<info>ListItem.Label</info>
				</control>
				<control type="label">
					<left>200</left>
					<top>-</top>
					<width>700</width>
					<height>80</height>
					<font>80</font>
					<textcolor>FFB0C4DE</textcolor>
					<align>left</align>
					<aligny>center</aligny>
					<info>ListItem.Label2</info>
				</control>
			</itemlayout>
			<focusedlayout height="95" width="375">
				<control type="label">
					<left>-</left>
					<top>-</top>
					<width>200</width>
					<height>80</height>
					<font>80</font>
					<textcolor>FFB0C4DE</textcolor>
					<align>left</align>
					<aligny>center</aligny>
					<info>ListItem.Label</info>
				</control>
				<control type="label">
					<left>200</left>
					<top>-</top>
					<width>700</width>
					<height>80</height>
					<font>80</font>
					<textcolor>FFB0C4DE</textcolor>
					<align>left</align>
					<aligny>center</aligny>
					<info>ListItem.Label2</info>
				</control>
			</focusedlayout>
			<content>
				<item>
					<description>Time</description>
					<label>623#</label>
					<label2>$INFO[Window(10000).Property(623)]</label2>
				</item>
				<item>
					<description>SPEED rnsd</description>
					<label>346#</label>
					<label2>$INFO[Window(10000).Property(346)]</label2>
				</item>
				<item>
					<description>RPM rnsd</description>
					<label>347#</label>
					<label2>$INFO[Window(10000).Property(347)]</label2>
				</item>
				<item>
					<description>RNSD navigation</description>
					<label>464#</label>
					<label2>$INFO[Window(10000).Property(464)]</label2>
				</item>
				<item>
					<description>MFSW 5C0</description>
					<label>5C0#</label>
					<label2>$INFO[Window(10000).Property(5C0)]</label2>
				</item>
				<item>
					<description>MFSW 5C3</description>
					<label>5C3#</label>
					<label2>$INFO[Window(10000).Property(5C3)]</label2>
				</item>
			</content>
		</control>
		<control type="button" id="30">
			<left>440</left>
			<top>655</top>
			<width>145</width> 
			<height>145</height>
			<texturefocus>select-buttonFO.png</texturefocus>
			<texturenofocus>select-button.png</texturenofocus>
			<onclick>ActivateWindow(1100)</onclick>
		</control>
	</controls>
</window>
